Date,Signal1,Signal2,Signal3,Signal4,Portfolio
1/3/2012,196.18,0.77,196.68,2.109458292,127.5
1/4/2012,196.18,0.67,196.53,1.936693931,127.7
1/5/2012,196.18,0.7,196.2,2.135386411,128.04
1/6/2012,196.18,0.26,196.37,1.735702555,127.71
1/9/2012,196.18,0.04,196.61,1.405821591,128.02
1/10/2012,196.18,0.99,196.21,1.608633194,129.13
1/11/2012,196.18,0.81,197.13,2.222144141,129.2
1/12/2012,196.18,0.9,196.33,2.140143801,129.51
1/13/2012,196.18,0.17,196.23,1.875268609,128.84
1/17/2012,196.18,0.63,196.58,1.316917682,129.34
1/18/2012,196.18,0.11,197.07,1.846265819,130.77
1/19/2012,196.18,0.26,196.92,1.950219908,131.46
1/20/2012,196.18,0.81,196.87,1.935472655,131.95
1/23/2012,196.18,0.74,196.85,2.189974267,131.61
1/24/2012,196.18,0.88,196.24,2.307743576,131.46
1/25/2012,196.18,0.29,197.12,2.04635317,132.56
1/26/2012,196.18,0.35,197.14,2.178290372,131.88
1/27/2012,196.18,0.59,197.06,1.438225816,131.82
1/30/2012,196.18,0.71,197.06,1.499733166,131.37
1/31/2012,196.18,0.39,196.45,1.420766683,131.32
2/1/2012,196.18,0.4,196.2,1.73164748,132.47
2/2/2012,196.18,0.36,197.08,2.132244002,132.68
2/3/2012,196.18,0.98,196.54,1.448334598,134.54
2/6/2012,196.18,0.3,196.46,2.208817009,134.45
2/7/2012,196.18,0.31,197.06,1.74578521,134.79
2/8/2012,196.18,0.53,196.22,2.330542942,135.19
2/9/2012,196.18,0.7,196.24,1.6392653,135.36
2/10/2012,196.18,0.59,196.63,1.408600454,134.36
2/13/2012,196.18,0.07,196.86,2.336189708,135.36
2/14/2012,196.18,0.69,196.39,1.400972609,135.19
2/15/2012,196.18,0.66,196.64,2.32532439,134.56
2/16/2012,196.18,0.3,196.7,1.854337341,136.05
2/17/2012,196.18,0.79,196.41,1.428237853,136.41
2/21/2012,196.18,0.29,196.94,1.699923906,136.47
2/22/2012,196.18,0.82,196.58,2.226200475,136.03
2/23/2012,196.18,0.37,196.24,1.59865009,136.63
2/24/2012,196.18,0.66,197.09,2.291550103,136.93
2/27/2012,196.18,0.69,196.63,1.684559825,137.16
2/28/2012,196.18,0.77,196.86,2.227286401,137.56
2/29/2012,196.18,0.23,196.51,1.700538565,137.02
3/1/2012,196.18,0.36,196.4,1.699372466,137.73
3/2/2012,196.18,0.26,196.45,1.424623718,137.31
3/5/2012,196.18,0.62,196.88,2.121936709,136.75
3/6/2012,196.18,0.49,196.58,1.923133684,134.75
3/7/2012,196.18,0.67,196.99,1.771338594,135.69
3/8/2012,196.18,0.46,196.86,2.144085702,137.04
3/9/2012,196.18,1,196.25,1.606102407,137.57
3/12/2012,196.18,0.52,196.45,2.308456792,137.58
3/13/2012,196.18,0.34,196.83,1.988157783,140.06
3/14/2012,196.18,0,196.41,2.040014963,139.91
3/15/2012,196.18,0.32,196.81,1.845539191,140.72
3/16/2012,196.18,0.96,196.4,1.501594211,140.3
3/19/2012,196.18,0.47,196.63,1.565747128,140.85
3/20/2012,196.18,0.09,196.36,1.723756325,140.44
3/21/2012,196.18,0.42,196.62,1.970295066,140.21
3/22/2012,196.18,0.83,196.93,1.79375556,139.2
3/23/2012,196.18,0.15,197.04,2.066494767,139.65
3/26/2012,196.18,0.54,196.27,1.592697382,141.61
3/27/2012,196.18,0.85,196.49,2.164556784,141000.17
3/28/2012,196.18,0.78,196.72,1.94340441,140.47
3/29/2012,196.18,0.25,196.74,2.281506239,140.23
3/30/2012,196.18,0.98,196.56,1.78356339,140.81
4/2/2012,196.18,0.62,196.66,1.677194394,141.84
4/3/2012,196.18,0.04,196.7,1.848593077,141.26
4/4/2012,196.18,0.82,196.99,1.991195312,139.86
4/5/2012,196.18,0.41,196.26,1.986240847,139.79
4/9/2012,196.18,0.99,197.14,1.439097926,138.22
4/10/2012,196.18,0.29,196.22,1.922935563,135.9
4/11/2012,196.18,0.28,196.69,2.106241804,137
4/12/2012,196.18,0.55,196.71,1.88830598,138.79
4/13/2012,196.18,0.62,197.16,1.684655142,137.14
4/16/2012,196.18,0.76,196.53,1.852068965,137.05
4/17/2012,196.18,0.09,196.35,1.469726409,139.08
4/18/2012,196.18,0.35,196.78,2.229355344,138.61
4/19/2012,196.18,0.24,196.78,1.666022734,137.72
4/20/2012,196.18,0.43,196.93,1.999043588,137.95
4/23/2012,196.18,0.24,196.85,1.924400996,136.79
4/24/2012,196.18,0.81,196.8,1.44874421,137.31
4/25/2012,196.18,0.61,196.4,2.1929843,139.19
4/26/2012,196.18,0.59,196.33,1.879628123,140.16
4/27/2012,196.18,0.85,196.59,1.845058673,140.39
4/30/2012,196.18,0.67,196.65,2.022697584,139.87
5/1/2012,196.18,0.45,197.09,2.387346183,140.74
5/2/2012,196.18,0.89,196.43,2.256248413,140.32
5/3/2012,196.18,0.62,197.03,2.247378184,139.25
5/4/2012,196.18,0.33,197.12,2.040860347,137
5/7/2012,196.18,0.48,196.89,1.508702438,137.1
5/8/2012,196.18,0.04,196.69,1.540283189,136.55
5/9/2012,196.18,0.66,196.82,1.564065396,135.74
5/10/2012,196.18,0.44,197.16,1.655500229,136.02
5/11/2012,196.18,0.43,196.25,1.387089431,135.61
5/14/2012,196.18,0.25,196.75,2.111602294,134.11
5/15/2012,196.18,0.45,196.59,2.012232709,133.34
5/16/2012,196.18,0.85,197.13,1.437417298,132.83
5/17/2012,196.18,0.88,196.49,1.672387939,130.86
5/18/2012,196.18,0.85,196.25,1.867453977,129.74
5/21/2012,196.18,0.93,196.23,1.806867107,131.97
5/22/2012,196.18,0.75,196.36,1.688136036,132.2
5/23/2012,196.18,0.19,196.99,1.447268877,132.27
5/24/2012,196.18,0.74,197.09,1.563831084,132.53
5/25/2012,196.18,0.06,196.68,1.483699338,132.1
5/29/2012,196.18,0.26,197.15,1.394380201,133.7
5/30/2012,196.18,0.29,196.46,1.753253403,131.76
5/31/2012,196.18,0.99,196.41,2.01079848,131.47
6/1/2012,196.18,0.4,196.87,1.783608072,128.16
6/4/2012,196.18,0.75,196.43,1.63225648,128.1
6/5/2012,196.18,0.18,196.53,1.591958586,129.07
6/6/2012,196.18,0.56,197.13,1.412792666,131.97
6/7/2012,196.18,0.04,196.22,2.069119454,132.05
6/8/2012,196.18,0.1,196.36,1.984611894,133.1
6/11/2012,196.18,0.31,197.12,1.624087818,131.41
6/12/2012,196.18,0.3,196.29,1.532238592,132.92
6/13/2012,196.18,0.18,196.39,1.525449777,132.07
6/14/2012,196.18,0.63,196.75,2.339300663,133.47
6/15/2012,196.18,0.98,196.47,1.617105389,134.14
6/18/2012,196.18,0.26,196.24,1.905649574,134.4
6/19/2012,196.18,0.8,196.76,1.848484343,135.7
6/20/2012,196.18,0.48,196.33,1.793302317,135.48
6/21/2012,196.18,0.29,196.27,2.092835265,132.44
6/22/2012,196.18,0.53,197.04,1.996399944,133.46
6/25/2012,196.18,0.93,196.45,1.538774679,131.32
6/26/2012,196.18,0.66,196.51,2.247105559,131.98
6/27/2012,196.18,0.01,196.25,1.570408687,133.17
6/28/2012,196.18,0.53,196.4,2.066813681,132.79
6/29/2012,196.18,0.58,196.53,1.650727344,136.1
7/2/2012,196.18,0.47,196.84,2.083001964,136.51
7/3/2012,196.18,0.54,196.81,2.216329818,137.41
7/5/2012,196.18,0.28,196.8,1.681732301,136.79
7/6/2012,196.18,0.02,196.19,2.153372499,135.49
7/9/2012,196.18,0.85,196.31,1.577086615,135.32
7/10/2012,196.18,0.96,196.81,1.464039993,134.14
7/11/2012,196.18,0.34,197.11,1.558403653,134.16
7/12/2012,196.18,0.75,196.78,1.472517966,133.51
7/13/2012,196.18,0.93,197.02,1.673341429,135.75
7/16/2012,196.18,0.37,196.35,1.784120416,135.43
7/17/2012,196.18,0.97,196.61,2.109533476,136.36
7/18/2012,196.18,0.96,196.91,2.240898693,137.37
7/19/2012,196.18,0.15,196.39,1.960575793,137.73
7/20/2012,196.18,0.96,196.56,1.791996684,136.47
7/23/2012,196.18,0.08,196.66,1.825737223,135.09
7/24/2012,196.18,0,196.26,2.25265884,133.93
7/25/2012,196.18,0.12,196.38,1.692839223,133.96
7/26/2012,196.18,0.67,196.57,1.809942078,136.17
7/27/2012,196.18,0.8,196.26,1.415073133,138.68
7/30/2012,196.18,0.3,197.14,1.619536322,138.68
7/31/2012,196.18,0.19,196.18,1.490443475,137.71
8/1/2012,196.18,0.85,196.57,1.802541605,137.59
8/2/2012,196.18,0.07,197.1,1.520084651,136.64
8/3/2012,196.18,0.7,196.53,2.181529512,139.35
8/6/2012,196.18,0.38,196.41,2.344581575,139.62
8/7/2012,196.18,0.4,196.63,2.263717288,140.32
8/8/2012,196.18,0.96,196.68,2.07630016,140.49
8/9/2012,196.18,0.14,196.84,1.410754016,140.61
8/10/2012,196.18,0.02,196.79,1.835565885,140.84
8/13/2012,196.18,0.59,196.71,1.651079907,140.77
8/14/2012,196.18,0.93,196.6,1.755431814,140.79
8/15/2012,196.18,0.99,196.82,1.659352411,140.95
8/16/2012,196.18,0.59,196.35,1.828387029,141.99
8/17/2012,196.18,0.45,196.39,1.714430853,142.18
8/20/2012,196.18,0.01,196.31,2.291358755,142.19
8/21/2012,196.18,0.71,196.48,1.586621927,141.76
8/22/2012,196.18,0.59,196.34,1.422730356,141.82
8/23/2012,196.18,0.58,196.32,2.031677384,140.66
8/24/2012,196.18,0.4,196.31,2.140502701,141.51
8/27/2012,196.18,0.31,197.17,1.540075797,141.54
8/28/2012,196.18,0.65,196.41,2.074587294,141.4
8/29/2012,196.18,0.75,196.76,1.908413887,141.51
8/30/2012,196.18,0.9,197.16,1.689272234,140.49
8/31/2012,196.18,0.5,196.42,2.032967981,141.16
9/4/2012,196.18,0.73,196.29,1.574035311,141.03
9/5/2012,196.18,0.4,197.18,2.211172246,140.91
9/6/2012,196.18,0.35,196.43,1.606518309,143.77
9/7/2012,196.18,0.94,196.96,2.227199342,144.33
9/10/2012,196.18,0.59,197.03,2.126528294,143.51
9/11/2012,196.18,0.59,196.78,2.44518394,143.91
9/12/2012,196.18,0.47,196.74,2.412861386,144.39
9/13/2012,196.18,0.34,196.94,2.014237029,146.59
9/14/2012,196.18,0.23,196.89,2.127861734,147.24
9/17/2012,196.18,0.77,196.56,2.356228334,146.74
9/18/2012,196.18,0.23,196.44,2.063147084,146.62
9/19/2012,196.18,0.14,196.4,2.107031222,146.7
9/20/2012,196.18,0.37,196.92,2.094853849,146.71
9/21/2012,196.18,0.81,197.08,1.472375273,145.87
9/24/2012,196.18,0.31,196.33,1.982526404,145.65
9/25/2012,196.18,0.54,197.12,2.110483708,144.1
9/26/2012,196.18,0.67,196.55,1.595296465,143.29
9/27/2012,196.18,0.91,196.88,1.638261359,144.64
9/28/2012,196.18,0.55,196.8,1.477775907,143.97
10/1/2012,196.18,0.83,197.16,1.677191391,144.35
10/2/2012,196.18,0.68,196.22,1.982408543,144.5
10/3/2012,196.18,0,196.63,2.293327115,145.09
10/4/2012,196.18,0.42,197.14,2.216344851,146.13
10/5/2012,196.18,0.18,196.9,1.773030257,146.14
10/8/2012,196.18,0.61,196.66,1.585132565,145.64
10/9/2012,196.18,0.78,196.41,2.3283896,144.2
10/10/2012,196.18,0.67,196.89,1.581001732,143.28
10/11/2012,196.18,0.3,196.19,2.320551611,143.36
10/12/2012,196.18,0.36,196.48,2.034413678,142.89
10/15/2012,196.18,0.82,196.31,2.087362107,144.08
10/16/2012,196.18,0.92,197,1.529519228,145.54
10/17/2012,196.18,0.92,196.48,2.30117586,146.2
10/18/2012,196.18,0.2,196.78,2.128856595,145.82
10/19/2012,196.18,0.43,197.11,2.399509462,143.39
10/22/2012,196.18,0.61,196.6,2.033529822,143.41
10/23/2012,196.18,0.28,197.01,2.254578583,141.42
10/24/2012,196.18,0.46,197.09,1.436310618,141.02
10/25/2012,196.18,0.78,196.76,1.553179987,141.43
10/26/2012,196.18,0.07,196.31,2.150473935,141.35
10/31/2012,196.18,0.39,196.64,2.111337964,141.35
11/1/2012,196.18,0.55,196.69,1.71509696,142.83
11/2/2012,196.18,0.75,196.35,2.019217237,141.56
11/5/2012,196.18,0.22,196.63,1.461534512,141.85
11/6/2012,196.18,0.19,196.23,2.155748751,142.96
11/7/2012,196.18,0.11,196.29,1.683479614,139.72
11/8/2012,196.18,0.61,196.75,1.702778281,138.04
11/9/2012,196.18,0.2,196.91,1.698558038,138.16
11/12/2012,196.18,0.94,196.78,2.013022137,138.27
11/13/2012,196.18,0.72,196.73,1.605557201,137.79
11/14/2012,196.18,0.7,197.17,1.814930211,135.93
11/15/2012,196.18,0.84,197,1.940359412,135.7
11/16/2012,196.18,0.8,197.05,2.354201875,136.37
11/19/2012,196.18,0.33,196.55,2.067477659,139.13
11/20/2012,196.18,0.38,196.9,1.969750514,139.19
11/21/2012,196.18,0.55,196.61,1.487110295,139.45
11/23/2012,196.18,0.04,196.33,1.547839808,141.35
11/26/2012,196.18,0.45,196.43,1.959164759,141.05
11/27/2012,196.18,0.11,196.29,1.929588545,140.33
11/28/2012,196.18,0.75,196.92,1.666997721,141.46
11/29/2012,196.18,0.75,197.1,1.525556753,142.12
11/30/2012,196.18,0.07,197.18,1.754664007,142.15
12/3/2012,196.18,0.75,196.4,1.570217255,141.45
12/4/2012,196.18,0.27,196.18,1.818137911,141.25
12/5/2012,196.18,0.64,196.69,2.255126166,141.5
12/6/2012,196.18,0.77,196.44,2.007563855,141.98
12/7/2012,196.18,0.32,196.3,1.867383587,142.41
12/10/2012,196.18,0.41,196.84,1.631013525,142.47
12/11/2012,196.18,0.26,196.24,2.202216513,143.44
12/12/2012,196.18,0.18,196.89,2.310640876,143.51
12/13/2012,196.18,0.58,196.43,2.332691948,142.63
12/14/2012,196.18,0.97,196.95,1.591780402,142.1
12/17/2012,196.18,0.5,196.76,1.487928072,143.77
12/18/2012,196.18,0.22,197.13,1.571151364,145.37
12/19/2012,196.18,0.17,196.3,1.695317149,144.29
12/20/2012,196.18,0.72,196.54,2.184855723,145.12
12/21/2012,196.18,0,196.7,2.116754042,142.79
12/24/2012,196.18,0.19,196.73,1.722687427,142.35
12/26/2012,196.18,0.15,196.85,2.326651075,141.75
12/27/2012,196.18,0.38,196.94,2.169819741,141.56
12/28/2012,196.18,0.98,196.62,2.048700016,140.03
12/31/2012,196.18,0.92,197.09,1.631074148,142.41
1/2/2013,196.18,0.03,196.72,2.356995937,146.06
1/3/2013,196.18,0.69,196.46,1.713245383,145.73
1/4/2013,196.18,0.02,196.21,2.303230308,146.37
1/7/2013,196.18,0.72,196.45,1.529610899,145.97
1/8/2013,196.18,0.24,196.48,1.618759763,145.55
1/9/2013,196.18,0.24,197.16,2.413674655,145.92
1/10/2013,196.18,0.18,196.62,1.563964378,147.08
1/11/2013,196.18,0.03,196.48,2.024623832,147.07
1/14/2013,196.18,0.43,196.94,2.092916685,146.97
1/15/2013,196.18,0.02,196.56,1.790603065,147.07
1/16/2013,196.18,0.35,196.9,2.18264046,147.05
1/17/2013,196.18,0.92,196.91,1.957996276,148
1/18/2013,196.18,0.84,196.94,1.958021846,148.33
1/22/2013,196.18,0.58,196.37,1.650259323,149.13
1/23/2013,196.18,0.84,196.45,2.434774355,149.37
1/24/2013,196.18,0.85,196.44,1.924025732,149.41
1/25/2013,196.18,0.71,196.45,1.641797806,150.25
1/28/2013,196.18,0.2,196.33,2.127954726,150.07
1/29/2013,196.18,0.45,196.54,2.088972661,150.66
1/30/2013,196.18,0.43,196.51,2.229575718,150.07
1/31/2013,196.18,0.67,196.47,2.125990962,149.7
2/1/2013,196.18,0.77,196.95,1.801723557,151.24
2/4/2013,196.18,0.48,196.99,2.045141802,149.54
2/5/2013,196.18,0.99,197.11,1.94572981,151.05
2/6/2013,196.18,0.38,196.89,1.911536568,151.16
2/7/2013,196.18,0.1,196.23,2.224742814,150.96
2/8/2013,196.18,0.88,196.66,1.966031751,151.8
2/11/2013,196.18,0.08,196.95,2.351528762,151.77
2/12/2013,196.18,0.79,196.28,1.86553437,152.02
2/13/2013,196.18,0.13,196.69,1.534560869,152.15
2/14/2013,196.18,0.73,196.99,1.570075115,152.29
2/15/2013,196.18,0.04,196.24,2.45747013,152.11
2/19/2013,196.18,0.21,196.87,2.130761238,153.25
2/20/2013,196.18,0.68,196.26,1.534767778,151.34
2/21/2013,196.18,0.64,196.72,1.694888181,150.42
2/22/2013,196.18,0.88,197.16,2.461995385,151.89
2/25/2013,196.18,0.96,197.15,2.221148543,149
2/26/2013,196.18,0.5,197.01,2.047697011,150.02
2/27/2013,196.18,0.65,196.38,1.916267106,151.91
2/28/2013,196.18,0.21,197.16,1.658865713,151.61
3/1/2013,196.18,0.06,196.89,1.791201924,152.11
3/4/2013,196.18,0.71,197.06,2.171704588,152.92
3/5/2013,196.18,0.27,197.07,2.311409987,154.29
3/6/2013,196.18,0.44,196.48,1.978253268,154.5
3/7/2013,196.18,0.72,196.87,2.531157497,154.78
3/8/2013,196.18,0.67,196.36,2.086287928,155.44
3/11/2013,196.18,0.24,197.15,1.733298283,156.03
3/12/2013,196.18,0.69,196.22,2.230605719,155.68
3/13/2013,196.18,0.18,196.91,2.544565854,155.9
3/14/2013,196.18,0.36,196.4,2.33485534,156.73
3/15/2013,196.18,0.31,196.95,2.23653412,155.83
3/18/2013,196.18,0.97,196.84,2.339923056,154.97
3/19/2013,196.18,0.25,196.24,1.895977696,154.61
3/20/2013,196.18,0.36,196.41,1.735980623,155.69
3/21/2013,196.18,0.5,197.07,2.11401485,154.36
3/22/2013,196.18,0.01,197.07,2.093109054,155.6
3/25/2013,196.18,0.42,197.11,1.59034685,154.95
3/26/2013,196.18,0.19,196.71,2.260570281,156.19
3/27/2013,196.18,0.93,196.31,1.816965951,156.19
3/28/2013,196.18,0.24,196.74,1.679294413,156.67
4/1/2013,196.18,0.95,197.16,1.813261284,156.05
4/2/2013,196.18,0.51,196.68,1.610824445,156.82
4/3/2013,196.18,0.09,196.7,1.68335285,155.23
4/4/2013,196.18,0.59,197.14,2.382808018,155.86
4/5/2013,196.18,0.74,196.62,2.319512993,155.16
4/8/2013,196.18,0.38,196.44,2.557304327,156.21
4/9/2013,196.18,0.12,197.1,1.60012488,156.75
4/10/2013,196.18,0.44,196.29,1.91042696,158.67
4/11/2013,196.18,0.49,196.45,1.575421813,159.19
4/12/2013,196.18,0.43,196.56,2.147123036,158.8
4/15/2013,196.18,0.22,197.14,2.09613259,155.12
4/16/2013,196.18,0.32,196.97,2.194321411,157.41
4/17/2013,196.18,0.13,196.65,2.407051471,155.11
4/18/2013,196.18,0.63,196.24,1.993028805,154.14
4/19/2013,196.18,0.59,196.19,2.051939716,155.48
4/22/2013,196.18,0,196.68,2.401154327,156.17
4/23/2013,196.18,0.3,197.12,2.5685428,157.78
4/24/2013,196.18,0.3,196.25,2.138290958,157.88
4/25/2013,196.18,0.42,196.3,1.881313847,158.52
4/26/2013,196.18,0.18,196.44,1.601736281,158.24
4/29/2013,196.18,0.84,196.74,2.286791185,159.3
4/30/2013,196.18,0.49,196.23,2.496941772,159.68
5/1/2013,196.18,0.58,197.12,1.621614459,
5/2/2013,196.18,0.13,197.11,1.818673594,159.75
5/3/2013,196.18,0.97,196.86,2.485215454,161.37
5/6/2013,196.18,0.63,196.51,1.701851405,161.78
5/7/2013,196.18,0.44,197.08,2.375450172,162.6
5/8/2013,196.18,0.94,196.42,2.564805744,163.34
5/9/2013,196.18,0.27,196.97,2.166341895,162.88
5/10/2013,196.18,0.9,196.96,2.083726975,163.41
5/13/2013,196.18,0.29,196.36,2.461666962,163.54
5/14/2013,196.18,0.84,196.51,2.615251813,165.23
5/15/2013,196.18,0.58,196.39,2.290925363,166.12
5/16/2013,196.18,0.58,196.8,2.208243475,165.34
5/17/2013,196.18,0.46,196.6,2.478080123,166.94
5/20/2013,196.18,0.63,196.92,1.712053054,166.93
5/21/2013,196.18,0.48,196.99,2.177014845,167.17
5/22/2013,196.18,0.3,196.68,2.006535072,165.93
5/23/2013,196.18,0.25,196.22,2.419534239,165.45
5/24/2013,196.18,0.91,196.42,1.741728973,165.31
5/28/2013,196.18,0.91,197.04,2.123367815,166.3
5/29/2013,196.18,0.85,196.31,2.238482132,165.22
5/30/2013,196.18,0.17,196.22,2.552855172,165.83
5/31/2013,196.18,0.72,196.72,2.347305898,163.45
6/3/2013,196.18,0.73,196.92,1.829496743,164.35
6/4/2013,196.18,0.74,196.81,2.055792475,163.56
6/5/2013,196.18,0.71,196.63,1.899761763,161.27
6/6/2013,196.18,0.01,196.65,2.622205076,162.73
6/7/2013,196.18,0.64,197.07,1.698371541,164.8
6/10/2013,196.18,0.81,196.74,1.677852801,164.8
6/11/2013,196.18,0.62,196.37,1.987118215,163.1
6/12/2013,196.18,0.99,197.04,2.285704587,161.75
6/13/2013,196.18,0.92,196.4,1.759443267,164.21
6/14/2013,196.18,0.3,196.44,1.675843603,163.18
6/17/2013,196.18,0.39,196.51,2.434288814,164.44
6/18/2013,196.18,0.95,196.4,2.412409504,165.74
6/19/2013,196.18,0.92,196.94,2.021473097,163.45
6/20/2013,196.18,0.01,197.16,2.455125906,159.4
6/21/2013,196.18,0.29,197.16,2.419418143,159.07
6/24/2013,196.18,0.5,196.51,1.811848966,157.06
6/25/2013,196.18,0.85,196.77,2.247256293,158.57
6/26/2013,196.18,0.35,196.54,2.358987263,160.14
6/27/2013,196.18,0.6,197.01,1.931236117,161.08
6/28/2013,196.18,0.89,197.03,1.873123227,160.42
7/1/2013,196.18,0.27,196.78,1.852211636,161.36
7/2/2013,196.18,0.03,197.17,1.967203319,161.21
7/3/2013,196.18,0.4,196.8,1.982130125,161.28
7/5/2013,196.18,0.38,196.25,2.640645872,163.02
7/8/2013,196.18,0.14,196.41,1.848071276,163.95
7/9/2013,196.18,0.66,196.44,2.336575761,165.13
7/10/2013,196.18,0.66,197.12,2.074422741,165.19
7/11/2013,196.18,0.64,196.89,1.856222011,167.44
7/12/2013,196.18,0.63,196.58,1.83260016,167.51
7/15/2013,196.18,0.13,196.81,2.197426114,168.15
7/16/2013,196.18,0.69,196.57,2.284615151,167.52
7/17/2013,196.18,0.42,197.14,2.219149999,167.95
7/18/2013,196.18,0.28,197.15,2.584749808,168.87
7/19/2013,196.18,0.86,196.24,1.802583851,169.17
7/22/2013,196.18,0.1,196.54,1.750731905,169.5
7/23/2013,196.18,0.51,196.39,2.408794667,169.14
7/24/2013,196.18,0.98,196.23,1.922006369,168.52
7/25/2013,196.18,0.83,196.91,2.679343937,168.93
7/26/2013,196.18,0.05,196.73,2.282928616,169.11
7/29/2013,196.18,0.74,196.62,2.37032478,168.59
7/30/2013,196.18,0.04,196.49,2.09408626,168.59
7/31/2013,196.18,0.29,196.32,1.759670387,168.71
8/1/2013,196.18,0.76,196.75,1.838524236,170.66
8/2/2013,196.18,0.64,197.01,2.232415178,170.95
8/5/2013,196.18,0.85,196.52,1.722436546,170.7
8/6/2013,196.18,0.79,196.42,2.586563346,169.73
8/7/2013,196.18,0.04,196.46,1.953630512,169.18
8/8/2013,196.18,0.26,196.55,2.519620641,169.8
8/9/2013,196.18,0.73,196.23,2.364983367,169.31
8/12/2013,196.18,0.81,197.17,2.435796238,169.11
8/13/2013,196.18,0.22,196.25,2.51183113,169.61
8/14/2013,196.18,0.04,196.54,1.726902508,168.74
8/15/2013,196.18,0.08,196.55,2.421605112,166.38
8/16/2013,196.18,0.09,196.79,2.53827434,165.83
8/19/2013,196.18,0.47,196.85,2.348454094,164.77
8/20/2013,196.18,0.19,196.73,2.36877786,165.58
8/21/2013,196.18,0.28,196.91,1.853358769,164.56
8/22/2013,196.18,0.03,196.92,2.450155128,166.06
8/23/2013,196.18,0.69,196.32,2.571439888,166.62
8/26/2013,196.18,0.33,196.8,1.684923574,166
8/27/2013,196.18,0.48,196.37,2.428726703,163.33
8/28/2013,196.18,0.31,196.45,2.596399429,163.91
8/29/2013,196.18,0.66,196.79,2.4028915,164.17
8/30/2013,196.18,0.65,197,1.781201138,163.65
9/3/2013,196.18,0.52,196.51,1.712295189,164.39
9/4/2013,196.18,0.3,196.71,2.098851379,165.75
9/5/2013,196.18,0.95,196.86,1.780856629,165.96
9/6/2013,196.18,0.08,196.4,1.997345519,166.04
9/9/2013,196.18,0.76,196.76,1.716853411,167.63
9/10/2013,196.18,0.86,196.43,2.393236323,168.87
9/11/2013,196.18,0.5,196.73,1.786289761,169.4
9/12/2013,196.18,0.82,196.46,2.102381198,168.95
9/13/2013,196.18,0.53,197.02,1.883360574,169.33
9/16/2013,196.18,0.63,196.92,2.096860265,170.31
9/17/2013,196.18,0.23,196.59,2.281526871,171.07
9/18/2013,196.18,1,197.01,1.711874647,173.05
9/19/2013,196.18,0.27,197.13,2.134994515,172.76
9/20/2013,196.18,0.27,197.08,1.967627692,170.72
9/23/2013,196.18,0.06,197,2.636455016,169.93
9/24/2013,196.18,0.78,196.42,2.250419224,169.53
9/25/2013,196.18,0.24,196.56,2.528628476,169.04
9/26/2013,196.18,0.73,196.75,2.358497618,169.69
9/27/2013,196.18,0.69,196.93,1.753003333,168.91
9/30/2013,196.18,0.19,196.37,2.265333774,168.01
10/1/2013,196.18,0.34,196.7,1.847074799,169.34
10/2/2013,196.18,0.11,196.62,1.882203132,169.18
10/3/2013,196.18,0.26,196.65,2.129700218,167.62
10/4/2013,196.18,0.98,196.33,1.984593613,168.89
10/7/2013,196.18,0.53,196.5,1.884085373,167.43
10/8/2013,196.18,0.9,196.6,2.384958152,165.48
10/9/2013,196.18,0.25,196.18,2.220233093,165.6
10/10/2013,196.18,0.4,196.66,2.35928124,169.17
10/11/2013,196.18,0.8,196.61,2.126343211,170.26
10/14/2013,196.18,0.81,196.38,2.263135042,170.94
10/15/2013,196.18,0.11,196.36,2.328286238,169.7
10/16/2013,196.18,0.05,196.39,1.934937173,172.07
10/17/2013,196.18,0.53,196.34,1.783170587,173.22
10/18/2013,196.18,0.06,196.62,2.37465975,174.39
10/21/2013,196.18,0.03,196.28,2.582651154,174.4
10/22/2013,196.18,0.3,196.38,2.241361038,175.41
10/23/2013,196.18,0.7,196.56,1.77875175,174.57
10/24/2013,196.18,0.32,197.13,2.457124231,175.15
10/25/2013,196.18,0.9,196.59,2.730996238,175.95
10/28/2013,196.18,0.03,196.2,2.0999103,176.23
10/29/2013,196.18,0.75,196.19,2.166717126,177.17
10/30/2013,196.18,0.11,196.77,2.524271831,176.29
10/31/2013,196.18,0.63,196.53,2.416640686,175.79
11/1/2013,196.18,0.58,196.91,2.338426412,176.21
11/4/2013,196.18,0.67,196.53,2.565972367,176.83
11/5/2013,196.18,0.86,196.67,1.855016383,176.27
11/6/2013,196.18,0.01,196.67,2.598732502,177.17
11/7/2013,196.18,0.74,196.46,2.167737133,174.93
11/8/2013,196.18,0.19,196.26,2.329520557,177.29
11/11/2013,196.18,0.27,196.39,2.036181315,177.32
11/12/2013,196.18,0.51,196.44,2.158665265,176.96
11/13/2013,196.18,0.48,197.13,2.0666015,178.38
11/14/2013,196.18,0.19,197.06,2.198746917,179.27
11/15/2013,196.18,0.85,196.76,2.765998692,180.05
11/18/2013,196.18,0.78,196.7,2.262641855,179.42
11/19/2013,196.18,0.41,196.22,2.331097651,179.03
11/20/2013,196.18,0.5,197.15,2.081672758,178.47
11/21/2013,196.18,0.03,196.67,1.821407411,179.91
11/22/2013,196.18,0.95,197,2.380267012,180.81
11/25/2013,196.18,0.47,196.55,2.42823692,180.63
11/26/2013,196.18,0.22,196.26,2.737402036,180.68
11/27/2013,196.18,0.86,196.22,2.637290944,181.12
11/29/2013,196.18,0.05,196.88,1.899406894,181
12/2/2013,196.18,0.99,196.69,2.720020411,180.53
12/3/2013,196.18,0,196.56,2.204853306,179.75
12/4/2013,196.18,0.75,197.17,1.8480657,179.73
12/5/2013,196.18,0.49,196.5,2.073056969,178.94
12/6/2013,196.18,0.09,196.47,2.40241618,180.94
12/9/2013,196.18,0.74,196.37,1.977787998,181.4
12/10/2013,196.18,0.35,196.83,1.92192312,180.75
12/11/2013,196.18,0.6,197.14,1.925866405,178.72
12/12/2013,196.18,0.38,196.53,1.989122608,178.13
12/13/2013,196.18,0.14,197.01,2.505612347,178.11
12/16/2013,196.18,0.26,196.68,2.081787873,179.22
12/17/2013,196.18,0.44,196.98,2.288118011,178.65
12/18/2013,196.18,0.76,196.57,2.519810314,181.7
12/19/2013,196.18,0.75,196.62,1.869157608,181.49
12/20/2013,196.18,0.65,196.77,2.534855327,181.56
12/23/2013,196.18,0.49,196.94,1.976621059,182.53
12/24/2013,196.18,0.7,196.43,2.527214773,182.93
12/26/2013,196.18,0.83,196.96,2.237620647,183.86
12/27/2013,196.18,0.01,196.95,2.721765565,183.85
12/30/2013,196.18,0.42,197.14,1.927585471,183.82
12/31/2013,196.18,0.17,196.58,2.435040903,184.69
1/2/2014,196.18,0.42,196.81,2.056483568,182.92
1/3/2014,196.18,0.1,196.28,2.693016663,182.89
1/6/2014,196.18,0.8,196.96,1.981714729,182.36
1/7/2014,196.18,0.25,196.91,2.706651528,183.48
1/8/2014,196.18,0.69,196.27,2.272272715,183.52
1/9/2014,196.18,0.73,196.28,2.17999698,183.64
1/10/2014,196.18,0.15,196.95,2.562151444,184.14
1/13/2014,196.18,0.07,196.76,2.454273813,181.69
1/14/2014,196.18,0.32,196.98,2.195798357,183.67
1/15/2014,196.18,0.72,196.4,2.263041933,184.66
1/16/2014,196.18,0.46,196.91,2.365478383,184.42
1/17/2014,196.18,0.5,196.26,2.024795928,183.64
1/21/2014,196.18,0.52,196.97,2.474083102,184.18
1/22/2014,196.18,0.15,196.51,2.609959526,184.3
1/23/2014,196.18,0.6,196.71,2.154901847,182.79
1/24/2014,196.18,0.92,196.42,1.869701934,178.89
1/27/2014,196.18,0.2,197.11,1.811931617,178.01
1/28/2014,196.18,0.31,196.27,2.407805607,179.07
1/29/2014,196.18,0.52,196.61,2.77793006,177.35
1/30/2014,196.18,0.64,196.52,1.780355146,179.23
1/31/2014,196.18,0.19,197.11,2.516249572,178.18
2/3/2014,196.18,0.77,196.56,2.009925741,174.17
2/4/2014,196.18,0.06,196.18,2.634782046,175.39
2/5/2014,196.18,0.33,196.5,2.639426688,175.17
2/6/2014,196.18,0.9,197.12,1.972077399,177.48
2/7/2014,196.18,0.85,196.45,2.568423842,179.68
2/10/2014,196.18,0.22,197.02,2.257971845,180.01
2/11/2014,196.18,0.55,196.85,1.963756859,181.98
2/12/2014,196.18,0.19,196.63,1.916941586,182.07
2/13/2014,196.18,0.39,197.17,2.717684116,183.01
2/14/2014,196.18,0.73,196.68,1.964242042,184.02
2/18/2014,196.18,0.84,196.25,2.328709129,184.24
2/19/2014,196.18,1,196.56,2.127829159,183.02
2/20/2014,196.18,0.63,197.1,1.954350766,184.1
2/21/2014,196.18,0.77,196.58,2.512011989,183.89
2/24/2014,196.18,0.22,196.93,2.499140349,184.91
2/25/2014,196.18,0.75,196.81,2.207507585,184.84
2/26/2014,196.18,0.37,196.32,2.818986646,184.85
2/27/2014,196.18,0.52,196.56,2.471883767,185.82
2/28/2014,196.18,0.43,197.15,1.882955678,186.29
3/3/2014,196.18,0.04,196.2,2.842302242,184.98
3/4/2014,196.18,0.28,196.59,2.288977559,187.58
3/5/2014,196.18,0.92,196.83,1.966327757,187.75
3/6/2014,196.18,0.48,197.03,2.809743311,188.18
3/7/2014,196.18,0.02,197.01,2.549365947,188.26
3/10/2014,196.18,0.52,197.03,1.925105837,188.16
3/11/2014,196.18,0.58,196.41,2.6314403,187.23
3/12/2014,196.18,0.29,197.17,1.913445921,187.28
3/13/2014,196.18,0.91,197.03,2.237523779,185.18
3/14/2014,196.18,0.97,196.6,2.164607169,184.66
3/17/2014,196.18,0.63,196.97,2.11034755,186.33
3/18/2014,196.18,0.87,196.59,2.474913509,187.66
3/19/2014,196.18,0.32,197.14,2.599503115,186.66
3/20/2014,196.18,0.76,196.38,2.186576213,187.75
3/21/2014,196.18,0.44,196.67,2.736347108,186.2
3/24/2014,196.18,0.35,196.86,2.606746142,185.43
3/25/2014,196.18,0.6,196.45,2.028567229,186.31
3/26/2014,196.18,0.98,197.06,2.524982661,184.97
3/27/2014,196.18,0.51,196.24,2.381807691,184.58
3/28/2014,196.18,0.22,196.64,2.7651072,185.49
3/31/2014,196.18,0.8,196.37,2.564334089,187.01
4/1/2014,196.18,0.02,196.35,2.698600988,188.25
4/2/2014,196.18,0.51,197.04,2.185157669,188.88
4/3/2014,196.18,0.06,197.06,2.203252136,188.63
4/4/2014,196.18,0.12,196.2,2.288452619,186.4
4/7/2014,196.18,0.13,196.56,2.173174171,184.34
4/8/2014,196.18,0.46,196.75,2.604107499,185.1
4/9/2014,196.18,0.92,197.1,1.872016574,187.09
4/10/2014,196.18,0.42,196.87,2.780719687,183.16
4/11/2014,196.18,0.2,196.3,2.324384797,181.51
4/14/2014,196.18,0.97,196.87,2.793959272,182.94
4/15/2014,196.18,0.3,197,1.951269498,184.2
4/16/2014,196.18,0.51,196.63,2.745150505,186.13
4/17/2014,196.18,0.62,196.78,2.503195759,186.39
4/21/2014,196.18,0.06,196.42,2.423747595,187.04
4/22/2014,196.18,0.9,197,2.710581409,187.89
4/23/2014,196.18,0.84,197.18,2.738605066,187.45
4/24/2014,196.18,0.47,196.19,2.699436989,187.83
4/25/2014,196.18,0.64,197.13,2.517429348,186.29
4/28/2014,196.18,0.84,196.6,2.135911286,186.88
4/29/2014,196.18,0.19,196.92,2.093561341,187.75
4/30/2014,196.18,1,196.34,2.065397409,188.31
5/1/2014,196.18,0,197.05,2.498615205,188.33
5/2/2014,196.18,0.53,196.44,2.599793996,188.06
5/5/2014,196.18,0.33,196.86,1.996300279,188.42
5/6/2014,196.18,0.1,196.23,1.959274377,186.78
5/7/2014,196.18,0.24,197.05,2.28381156,187.88
5/8/2014,196.18,0.69,196.98,2.09710112,187.68
5/9/2014,196.18,0.15,196.86,2.022885618,187.96
5/12/2014,196.18,0.22,196.38,2.476056005,189.79
5/13/2014,196.18,0.23,196.19,2.812414473,189.96
5/14/2014,196.18,0.05,197.12,2.75052224,189.06
5/15/2014,196.18,0.87,196.84,2.546036723,187.4
5/16/2014,196.18,0.38,196.74,2.592394905,188.05
5/19/2014,196.18,0.78,197.06,2.251932568,188.74
5/20/2014,196.18,0.97,197.05,1.908552527,187.55
5/21/2014,196.18,0.09,196.3,2.875237624,189.13
5/22/2014,196.18,0.81,196.2,1.957143139,189.59
5/23/2014,196.18,0.47,196.92,2.199643871,190.35
5/27/2014,196.18,0.77,196.4,2.20020055,191.52
5/28/2014,196.18,0.29,196.61,2.41372903,191.38
5/29/2014,196.18,0.85,196.87,2.638872101,192.37
5/30/2014,196.18,0.81,196.79,2.852414261,192.68
6/2/2014,196.18,0.11,196.78,2.498165981,192.9
6/3/2014,196.18,0.76,196.58,2.26215205,192.8
6/4/2014,196.18,0.18,196.59,2.072104815,193.19
6/5/2014,196.18,0.06,196.3,2.954802298,194.45
6/6/2014,196.18,0.45,197.1,2.631187156,195.38
6/9/2014,196.18,0.98,196.58,2.55291263,195.58
6/10/2014,196.18,0.07,196.56,2.258753205,195.6
6/11/2014,196.18,0.66,197.01,2.599854064,194.92
6/12/2014,196.18,0.36,196.25,2.003800134,193.54
6/13/2014,196.18,0.36,196.53,2.377456849,194.13
6/16/2014,196.18,0.34,196.26,2.116888905,194.29
6/17/2014,196.18,0.82,196.44,2.544739197,194.83
6/18/2014,196.18,0.01,196.84,2.425086009,196.26
6/19/2014,196.18,0.98,196.24,2.18492217,196.48
6/20/2014,196.18,0.03,196.21,2.677679509,195.94
6/23/2014,196.18,0.38,196.66,2.041965022,195.88
6/24/2014,196.18,0.98,196.26,2.565510024,194.7
6/25/2014,196.18,0.22,196.51,1.963261953,195.58
6/26/2014,196.18,0.76,196.98,2.518867,195.44
6/27/2014,196.18,0.43,197.08,2.793678285,195.82
6/30/2014,196.18,0.45,196.78,2.480635997,195.72
7/1/2014,196.18,0.24,196.8,2.903136144,197.03
7/2/2014,196.18,0.68,196.21,2.585696717,197.23
7/3/2014,196.18,0.09,196.29,2.53298318,198.2
7/7/2014,196.18,0.4,196.94,2.368607084,197.51
7/8/2014,196.18,0.61,196.78,2.370918853,196.24
7/9/2014,196.18,0.89,196.42,2.413849602,197.12
7/10/2014,196.18,0.22,196.53,2.784622341,196.34
7/11/2014,196.18,0.69,196.93,2.458918483,196.61
7/14/2014,196.18,0.64,196.39,2.844509049,197.6
7/15/2014,196.18,0.47,196.53,2.741799963,197.23
7/16/2014,196.18,0.72,197.04,2.555362101,197.96
7/17/2014,196.18,0.33,196.79,2.311310672,195.71
7/18/2014,196.18,0.44,196.55,2.198928402,197.71
7/21/2014,196.18,0.3,197.08,2.910792084,197.34
7/22/2014,196.18,0.25,196.72,2.008467382,198.2
7/23/2014,196.18,0.82,196.89,2.950707799,198.64
7/24/2014,196.18,0.07,196.97,2.213296619,198.65
7/25/2014,196.18,0.69,196.89,2.287405057,197.72
7/28/2014,196.18,0.81,196.98,2.821808075,197.8
7/29/2014,196.18,0,196.72,2.491700724,196.95
7/30/2014,196.18,0.25,196.33,2.53492492,196.98
7/31/2014,196.18,0.79,196.63,2.409358035,193.09
8/1/2014,196.18,0.79,196.4,2.614031224,192.5
8/4/2014,196.18,0.4,197.05,2.318971189,193.89
8/5/2014,196.18,0.35,196.73,2.084966488,192.01
8/6/2014,196.18,0.33,196.39,2.749536676,192.07
8/7/2014,196.18,0.22,196.47,2.18494632,191.03
8/8/2014,196.18,0.32,196.33,2.140033763,193.24
8/11/2014,196.18,0.63,197.11,2.200496652,193.8
8/12/2014,196.18,0.18,196.38,2.901426051,193.53
8/13/2014,196.18,0.22,196.62,2.158123827,194.84
8/14/2014,196.18,0.32,197.08,2.670261524,195.76
8/15/2014,196.18,0.8,196.43,2.080412288,195.72
8/18/2014,196.18,0.04,196.26,2.37701824,197.36
8/19/2014,196.18,0.56,196.58,2.004305435,198.39
8/20/2014,196.18,0.2,196.93,2.001564029,198.92
8/21/2014,196.18,0.46,196.5,2.826390858,199.5
8/22/2014,196.18,0.05,197.01,2.251540481,199.19
8/25/2014,196.18,0.41,196.32,2.700378862,200.2
8/26/2014,196.18,0.45,196.21,2.728960821,200.33
8/27/2014,196.18,0.34,197.1,2.306593041,200.25
8/28/2014,196.18,0.36,196.37,2.957948737,200.14
8/29/2014,196.18,0.98,197.1,2.274964276,200.71
9/2/2014,196.18,0.77,197.11,2.57624904,200.61
9/3/2014,196.18,0.26,196.36,2.907116415,200.5
9/4/2014,196.18,0.19,196.68,2.387956291,200.21
9/5/2014,196.18,0.72,196.8,2.327094341,201.11
9/8/2014,196.18,0.39,196.65,2.897384702,200.59
9/9/2014,196.18,0.84,196.34,2.911994981,199.32
9/10/2014,196.18,0.52,196.42,2.796696326,200.07
9/11/2014,196.18,0.97,197.04,2.008477513,200.3
9/12/2014,196.18,0.51,196.29,2.24283981,199.13
9/15/2014,196.18,0.33,196.58,2.650517429,198.98
9/16/2014,196.18,0.97,196.25,2.140629446,200.48
9/17/2014,196.18,0.79,196.72,2.392572039,200.75
9/18/2014,196.18,0.73,196.26,2.047483146,201.82
9/19/2014,196.18,0.02,196.89,2.721092539,200.7
9/22/2014,196.18,0.7,196.69,2.739501255,199.15
9/23/2014,196.18,0.26,196.75,2.394266212,198.01
9/24/2014,196.18,0.39,196.32,2.874143282,199.56
9/25/2014,196.18,0.11,197.04,2.905167821,196.34
9/26/2014,196.18,0.33,197.16,2.147391614,197.9
9/29/2014,196.18,0.34,196.39,2.442300542,197.54
9/30/2014,196.18,0.63,196.41,2.859524429,197.02
10/1/2014,196.18,0.68,197,1.989003167,194.35
10/2/2014,196.18,0.52,196.56,2.004882162,194.38
10/3/2014,196.18,0.11,196.68,2.132199724,196.52
10/6/2014,196.18,0.34,197.01,2.497758441,196.29
10/7/2014,196.18,0.34,196.43,2.214702216,193.26
10/8/2014,196.18,0.78,196.21,2.053136426,196.64
10/9/2014,196.18,0.75,196.96,2.663478495,192.74
10/10/2014,196.18,0.61,196.85,2.053773395,190.54
10/13/2014,196.18,0.62,196.94,2.82596097,187.41
10/14/2014,196.18,0.27,196.32,2.19644354,187.7
10/15/2014,196.18,0.16,196.95,2.506782629,186.43
10/16/2014,196.18,0.77,196.94,2.692923983,186.27
10/17/2014,196.18,0.43,196.6,2.360075203,188.47
10/20/2014,196.18,0.69,196.48,2.524546347,190.3
10/21/2014,196.18,0.98,196.35,2.65868818,194.07
10/22/2014,196.18,0.73,196.56,2.720357393,192.69
10/23/2014,196.18,0.94,196.69,2.760530277,194.93
10/24/2014,196.18,0.84,196.45,2.43604434,196.43
10/27/2014,196.18,0.55,196.7,2.907988337,196.16
10/28/2014,196.18,0.24,196.99,2.897143289,198.41
10/29/2014,196.18,0.81,196.98,2.873390754,198.11
10/30/2014,196.18,0.65,197.11,2.686847337,199.38
10/31/2014,196.18,0.35,196.89,2.350461076,201.66
11/3/2014,196.18,0.51,196.58,2.216455648,201.77
11/4/2014,196.18,0.25,197.15,2.197274681,201.07
11/5/2014,196.18,0.36,196.39,2.666441047,202.34
11/6/2014,196.18,0.44,196.7,2.616464276,203.15
11/7/2014,196.18,0.66,196.28,3.024536198,203.34
11/10/2014,196.18,0.55,196.9,2.562006877,203.98
11/11/2014,196.18,0.02,196.77,2.998794375,204.18
11/12/2014,196.18,0.05,196.26,2.943338173,203.96
11/13/2014,196.18,0.41,196.39,3.012783202,204.19
11/14/2014,196.18,0.73,197.16,2.859771774,204.24
11/17/2014,196.18,0.01,196.85,2.397358809,204.37
11/18/2014,196.18,0.8,196.48,2.170130979,205.55
11/19/2014,196.18,0.51,197.18,2.832605525,205.22
11/20/2014,196.18,0.92,196.33,2.5185969,205.58
11/21/2014,196.18,0.01,196.72,2.868704863,206.68
11/24/2014,196.18,0.89,197.16,2.92509707,207.26
11/25/2014,196.18,0.81,196.29,2.886399899,0.20711
11/26/2014,196.18,0.17,196.59,2.668562327,207.64
11/28/2014,196.18,0.78,196.65,2.200837059,207.2
12/1/2014,196.18,0.58,196.36,2.808095174,205.76
12/2/2014,196.18,0.93,196.36,2.218387256,207.09
12/3/2014,196.18,0.33,196.73,2.594229652,207.89
12/4/2014,196.18,0.11,196.48,2.808099936,207.66
12/5/2014,196.18,0.26,196.53,3.040525187,208
12/8/2014,196.18,0.12,196.81,2.954815219,206.61
12/9/2014,196.18,0.8,196.41,2.057690314,206.47
12/10/2014,196.18,0.33,196.69,2.117611387,203.16
12/11/2014,196.18,0.49,197.04,2.232600235,204.19
12/12/2014,196.18,0.19,196.46,2.360143667,200.89
12/15/2014,196.18,0.47,196.2,2.666869338,199.51
12/16/2014,196.18,0.24,196.71,2.14910644,197.91
12/17/2014,196.18,0.29,196.23,2.18164133,201.79
12/18/2014,196.18,0.94,196.24,2.816433183,206.78
12/19/2014,196.18,0.54,196.36,2.346725512,206.52
12/22/2014,196.18,0.19,196.32,2.490682901,207.47
12/23/2014,196.18,0.36,196.3,2.705687111,207.75
12/24/2014,196.18,0.69,196.98,2.174210699,207.77
12/26/2014,196.18,0.83,196.83,2.426391086,208.44
12/29/2014,196.18,0.25,197.11,2.636722929,208.72
12/30/2014,196.18,0.48,196.61,2.376007155,207.6
12/31/2014,196.18,0.14,197.04,2.956534375,205.54
1/2/2015,196.18,0.03,196.66,2.373896626,205.43
1/5/2015,196.18,0.18,196.23,2.178377425,201.72
1/6/2015,196.18,0.63,197.03,2.481339549,199.82
1/7/2015,196.18,0.78,196.24,2.796954695,202.31
1/8/2015,196.18,0.03,196.84,2.891115065,205.9
1/9/2015,196.18,0.2,196.41,2.759265635,204.25
1/12/2015,196.18,0.97,196.59,2.017532466,202.65
1/13/2015,196.18,0.41,196.39,2.907347802,202.08
1/14/2015,196.18,0.66,196.6,2.198467403,200.86
1/15/2015,196.18,0.66,196.29,2.118343438,199.02
1/16/2015,196.18,0.04,196.81,3.020492921,201.63
1/20/2015,196.18,0.6,196.52,2.479874732,202.06
1/21/2015,196.18,0.02,197.15,2.622215872,203.08
1/22/2015,196.18,1,196.9,2.410420103,206.1
1/23/2015,196.18,0.33,197.15,2.434181284,204.97
1/26/2015,196.18,0.32,196.69,2.351181212,205.45
1/27/2015,196.18,0.24,197.03,2.228034051,202.74
1/28/2015,196.18,0.22,196.77,2.089734519,200.14
1/29/2015,196.18,0.09,196.85,2.348548786,201.99
1/30/2015,196.18,0.35,197.07,2.742149968,199.45
2/2/2015,196.18,0.7,196.42,2.701735377,201.92
2/3/2015,196.18,0.85,196.91,2.177254557,204.84
2/4/2015,196.18,0.7,196.67,2.572035347,204.06
2/5/2015,196.18,0.5,196.21,2.267597932,206.12
2/6/2015,196.18,0.13,196.6,2.214987291,205.55
2/9/2015,196.18,0.35,196.58,2.737820596,204.63
2/10/2015,196.18,0.86,196.36,2.123187519,206.81
2/11/2015,196.18,0.81,196.32,3.034054874,206.93
2/12/2015,196.18,0.8,196.9,2.962365251,208.92
2/13/2015,196.18,0.78,197.18,2.10237088,209.78
2/17/2015,196.18,0.1,196.28,2.855551634,210.11
2/18/2015,196.18,0.49,196.64,2.399212251,210.13
2/19/2015,196.18,0.31,196.96,2.74764954,209.98
2/20/2015,196.18,0.95,196.47,2.641878614,211.24
2/23/2015,196.18,0.79,196.49,2.803610496,211.21
2/24/2015,196.18,0.2,196.37,2.229146575,211.81
2/25/2015,196.18,0.98,196.49,2.177857969,211.63
2/26/2015,196.18,0.65,196.26,2.93098123,211.38
2/27/2015,196.18,0.26,196.89,2.651386591,210.66
3/2/2015,196.18,0.01,196.18,2.903828561,211.99
3/3/2015,196.18,0.17,196.72,2.484249185,211.12
3/4/2015,196.18,0.47,196.48,2.735216455,210.23
3/5/2015,196.18,0.78,196.58,2.157069585,210.46
3/6/2015,196.18,0.6,196.6,2.378474498,207.5
3/9/2015,196.18,0.89,197.12,2.591882532,208.36
3/10/2015,196.18,0.4,196.79,2.844223061,204.98
3/11/2015,196.18,0.03,196.72,2.466104711,204.5
3/12/2015,196.18,0.66,196.97,2.434964209,207.1
3/13/2015,196.18,0.08,197,2.352188777,205.83
3/16/2015,196.18,0.31,196.91,2.412655096,208.58
3/17/2015,196.18,0.65,196.91,2.407739345,207.96
3/18/2015,196.18,0.48,196.75,2.541029186,210.46
3/19/2015,196.18,0.55,197.08,2.18869948,209.5
3/20/2015,196.18,0.82,197.1,2.906685394,210.41
3/23/2015,196.18,0.3,196.44,2.413597857,210
3/24/2015,196.18,0.4,196.29,2.950874931,208.82
3/25/2015,196.18,0.44,196.76,2.30042612,205.76
3/26/2015,196.18,0.08,196.7,2.283070392,205.27
3/27/2015,196.18,0.16,196.93,2.570348837,205.74
3/30/2015,196.18,0.64,196.9,2.802258123,208.25
3/31/2015,196.18,0.82,197.07,2.748291723,206.43
4/1/2015,196.18,0.79,196.79,2.268686223,205.7
4/2/2015,196.18,0.37,196.28,2.926591824,206.44
4/6/2015,196.18,0.87,196.51,2.227096258,207.83
4/7/2015,196.18,0.15,196.26,2.326253086,207.28
4/8/2015,196.18,0.04,196.53,2.168710824,207.98
4/9/2015,196.18,0.49,196.36,2.588993076,208.9
4/10/2015,196.18,0.9,197.08,2.331363528,210.04
4/13/2015,196.18,0.54,196.3,2.80550637,209.09
4/14/2015,196.18,0.47,196.57,2.652263208,209.49
4/15/2015,196.18,0.22,196.5,2.426136256,210.43
4/16/2015,196.18,0.87,196.34,2.953916321,210.37
4/17/2015,196.18,0.8,196.72,2.457719028,207.95
4/20/2015,196.18,0.76,196.91,2.70704351,209.85
4/21/2015,196.18,0.42,196.56,2.179819706,209.6
4/22/2015,196.18,0.49,196.41,2.782133886,210.63
4/23/2015,196.18,0.88,196.23,2.879727418,211.16
4/24/2015,196.18,0.1,196.86,2.538798922,211.65
4/27/2015,196.18,0.16,196.25,2.492318362,210.77
4/28/2015,196.18,0.19,196.71,2.917508081,211.44
4/29/2015,196.18,0.04,196.47,3.059105193,210.57
4/30/2015,196.18,0.15,196.91,3.037308048,208.46
5/1/2015,196.18,0.91,196.59,2.913752276,210.72
5/4/2015,196.18,0.24,196.9,2.731176065,211.32
5/5/2015,196.18,0.24,196.7,2.234580842,208.9
5/6/2015,196.18,0.37,196.94,2.260443843,208.04
5/7/2015,196.18,0.36,196.27,2.789137651,208.87
5/8/2015,196.18,0.44,196.33,2.605034713,211.62
5/11/2015,196.18,0.57,196.82,2.138112372,210.61
5/12/2015,196.18,0.02,196.88,2.145769765,209.98
5/13/2015,196.18,0.52,197.11,2.285743958,210.02
5/14/2015,196.18,0.51,196.67,2.41345035,212.21
5/15/2015,196.18,0.51,197.07,2.410374061,212.44
5/18/2015,196.18,0.21,196.63,2.6436102,213.1
5/19/2015,196.18,0.57,196.23,3.078708919,213.03
5/20/2015,196.18,0.63,197.16,2.38468053,212.88
5/21/2015,196.18,0.08,196.3,2.359565057,213.5
5/22/2015,196.18,0.44,196.73,2.333181795,212.99
5/26/2015,196.18,0.24,197.05,2.212416042,210.7
5/27/2015,196.18,0.61,197.03,2.523561244,212.7
5/28/2015,196.18,0.4,196.8,2.749759819,212.46
5/29/2015,196.18,0.23,196.56,2.223828006,211.14
6/1/2015,196.18,0.63,196.85,2.193286668,211.57
6/2/2015,196.18,0.5,196.78,2.872853624,211.36
6/3/2015,196.18,0.51,197.05,2.527775431,211.92
6/4/2015,196.18,0.36,196.38,3.03871285,210.13
6/5/2015,196.18,0.35,196.21,2.385779968,209.77
6/8/2015,196.18,0.76,197.08,2.419880934,208.42
6/9/2015,196.18,0.82,196.49,2.58536926,208.45
6/10/2015,196.18,0.22,196.95,2.182670296,210.96
6/11/2015,196.18,0.54,196.21,2.360233333,211.65
6/12/2015,196.18,0.28,196.61,2.827081314,209.93
6/15/2015,196.18,0.38,196.88,3.024292334,209.1
6/16/2015,196.18,0.56,196.69,2.25908608,210.25
6/17/2015,196.18,0.62,196.38,2.784873284,210.59
6/18/2015,196.18,0.26,196.64,2.712189216,212.71
6/19/2015,196.18,0.47,196.93,3.064209396,210.81
6/22/2015,196.18,0.91,196.65,2.498365663,211.89
6/23/2015,196.18,0.92,196.49,2.414212812,212.05
6/24/2015,196.18,0.74,196.19,2.849711062,210.51
6/25/2015,196.18,0.72,196.7,3.039650659,209.83
6/26/2015,196.18,0.28,196.4,2.946229854,209.9
6/29/2015,196.18,0.98,196.62,2.488090125,205.47
6/30/2015,196.18,0.36,196.76,2.285288069,205.89
7/1/2015,196.18,0.97,196.54,2.301085756,207.57
7/2/2015,196.18,0.63,196.18,2.781452934,207.32
7/6/2015,196.18,0.33,196.43,2.669160367,206.67
7/7/2015,196.18,0.84,197.08,2.053006355,208.01
7/8/2015,196.18,0.87,196.95,2.318896748,204.53
7/9/2015,196.18,0.55,196.9,3.064657397,204.8
7/10/2015,196.18,0.63,196.48,3.104883149,207.48
7/13/2015,196.18,0.45,197.15,2.617327775,209.76
7/14/2015,196.18,0.72,196.37,2.643409028,210.72
7/15/2015,196.18,0.87,196.7,2.823977096,210.63
7/16/2015,196.18,0.9,197.16,2.606589418,212.27
7/17/2015,196.18,0.5,196.88,2.165741978,212.47
7/20/2015,196.18,0.86,196.18,2.781709989,212.62
7/21/2015,196.18,0.13,196.2,3.065517963,211.76
7/22/2015,196.18,0.44,197.08,2.647611511,211.29
7/23/2015,196.18,0.93,196.45,2.299012578,210.14
7/24/2015,196.18,0.72,197.04,3.019359663,207.94
7/27/2015,196.18,0.26,196.31,2.655755903,206.74
7/28/2015,196.18,0.35,196.98,2.890757943,209.31
7/29/2015,196.18,0.44,196.93,2.903873025,210.77
7/30/2015,196.18,0.23,196.54,2.56208999,210.82
7/31/2015,196.18,0.18,196.82,3.011114365,210.45
8/3/2015,196.18,0.3,196.35,2.756377379,209.73
8/4/2015,196.18,0.68,196.38,2.953709145,209.32
8/5/2015,196.18,0.89,196.96,2.748379466,210.1
8/6/2015,196.18,0.77,196.19,2.677396813,208.35
8/7/2015,196.18,0.2,197.1,2.67749676,207.92
8/10/2015,196.18,0.94,196.93,2.680151279,210.63
8/11/2015,196.18,0.17,196.65,2.095582317,208.66
8/12/2015,196.18,0.65,197.13,2.379269694,208.92
8/13/2015,196.18,0.3,196.29,2.83640302,208.7
8/14/2015,196.18,0.67,196.42,2.473032993,209.36
8/17/2015,196.18,0.62,196.54,2.694317122,210.56
8/18/2015,196.18,0.97,197.14,2.503453785,209.93
8/19/2015,196.18,0.52,196.3,2.223718337,208.28
8/20/2015,196.18,0.41,196.89,1.927894923,204.01
8/21/2015,196.18,0.08,196.69,2.824801664,197.63
8/24/2015,196.18,0.02,196.82,2.910370054,189.55
8/25/2015,196.18,0.72,196.77,2.58475699,187.23
8/26/2015,196.18,0.93,196.68,2.894251459,194.68
8/27/2015,196.18,0.9,196.52,2.602214309,199.16
8/28/2015,196.18,0.23,196.31,2.367468221,199.24
8/31/2015,196.18,0.9,196.32,2.178248698,197.54
9/1/2015,196.18,0.81,196.3,2.236955692,191.77
9/2/2015,196.18,0.64,197,1.927613642,195.41
9/3/2015,196.18,0.25,196.26,2.676677688,195.65
9/4/2015,196.18,0.46,196.7,2.17804327,192.59
9/8/2015,196.18,0.61,196.95,2.771971553,197.46
9/9/2015,196.18,0.58,196.43,2.693441844,194.76
9/10/2015,196.18,0.01,196.43,2.640945154,195.85
9/11/2015,196.18,0.58,196.19,2.827645968,196.74
9/14/2015,196.18,0.36,196.44,2.800859319,195.98
9/15/2015,196.18,0.11,197.09,2.80807346,198.45
9/16/2015,196.18,0.54,196.74,2.10700452,200.14
9/17/2015,196.18,0.65,196.68,2.243649149,199.7
9/18/2015,196.18,0.3,196.85,2.548909681,195.36
9/21/2015,196.18,0.89,196.71,2.438789965,196.44
9/22/2015,196.18,0.89,197.14,2.050169832,193.9
9/23/2015,196.18,0.4,196.93,2.656735196,193.6
9/24/2015,196.18,0.54,196.38,2.706460797,192.93
9/25/2015,196.18,0.62,196.59,2.362678104,192.87
9/28/2015,196.18,0.85,196.82,2.102718018,187.91
9/29/2015,196.18,0.04,196.67,2.723823693,188.08
9/30/2015,196.18,0.91,197,2.566659798,191.59
10/1/2015,196.18,0.58,196.59,2.249684227,192.13
10/2/2015,196.18,0.01,196.94,2.271479817,195
10/5/2015,196.18,0.4,196.87,2.354875428,198.47
10/6/2015,196.18,0.41,196.63,2.375806951,197.79
10/7/2015,196.18,0.39,196.36,2.041914777,199.41
10/8/2015,196.18,0.88,196.92,2.938386007,201.21
10/9/2015,196.18,0.93,196.7,2.007353064,201.33
10/12/2015,196.18,0.15,196.57,2.648442624,201.52
10/13/2015,196.18,0.79,196.84,2.037060025,200.25
10/14/2015,196.18,0.8,196.47,2.063633407,199.29
10/15/2015,196.18,0.85,196.94,2.155020871,202.35
10/16/2015,196.18,0.58,196.4,2.036105042,203.27
10/19/2015,196.18,0.68,196.47,2.270293922,203.37
10/20/2015,196.18,0.39,196.51,2.109761918,203.11
10/21/2015,196.18,0.41,196.83,2.494218433,201.85
10/22/2015,196.18,0.4,196.82,2.129600807,205.21
10/23/2015,196.18,0.93,196.36,2.526596205,207.52
10/26/2015,196.18,0.45,196.6,2.246651884,206.99
10/27/2015,196.18,0.49,196.79,2.150971905,206.57
10/28/2015,196.18,0.08,196.98,2.50071206,208.94
10/29/2015,196.18,0.4,196.93,2.16177586,208.89
10/30/2015,196.18,0.09,196.27,2.571864693,207.93
11/2/2015,196.18,0.72,196.33,2.294999699,210.39
11/3/2015,196.18,0.15,196.73,2.510850596,211
11/4/2015,196.18,0.14,196.68,3.011164879,210.38
11/5/2015,196.18,0.56,196.42,2.444610752,210.15
11/6/2015,196.18,0.98,197.17,2.581115003,210.04
11/9/2015,196.18,0.93,196.69,2.665910146,208.08
11/10/2015,196.18,0.99,196.48,2.452483735,208.56
11/11/2015,196.18,0.22,196.74,2.81985613,207.74
11/12/2015,196.18,0.54,196.98,2.087059419,204.84
11/13/2015,196.18,0.76,196.55,2.409713974,202.54
11/16/2015,196.18,0.86,196.43,2.409738619,205.62
11/17/2015,196.18,0.25,196.79,2.648774052,205.47
11/18/2015,196.18,0.98,196.31,2.588318744,208.73
11/19/2015,196.18,0.65,196.56,2.965048401,208.55
11/20/2015,196.18,0.25,196.76,2.686606553,209.31
11/23/2015,196.18,0.22,196.99,2.382248589,209.07
11/24/2015,196.18,0.83,196.25,3.034918891,209.35
11/25/2015,196.18,0.44,197.02,2.833058933,209.32
11/27/2015,196.18,0.18,196.8,2.579133471,209.56
11/30/2015,196.18,0.68,196.44,2.827828683,208.69
12/1/2015,196.18,0.04,197,2.202991905,210.68
12/2/2015,196.18,0.93,196.9,2.54234852,208.53
12/3/2015,196.18,0.28,196.75,2.978974463,205.61
12/4/2015,196.18,0.46,196.68,2.160444485,209.62
12/7/2015,196.18,0.1,196.78,2.519019019,208.35
12/8/2015,196.18,0.5,196.97,2.470052503,206.95
12/9/2015,196.18,0.3,196.59,2.583203694,205.34
12/10/2015,196.18,0.19,196.3,2.483763963,205.87
12/11/2015,196.18,0.62,196.26,2.901082748,201.88
12/14/2015,196.18,0.31,196.58,2.850440748,202.9
12/15/2015,196.18,0.78,196.97,3.017603591,205.03
12/16/2015,196.18,0.7,196.96,2.643151913,208.03
12/17/2015,196.18,0.99,196.67,2.672229828,204.86
12/18/2015,196.18,0.67,196.2,2.646747885,200.02
12/21/2015,196.18,0.22,196.39,2.186267379,201.67
12/22/2015,196.18,0.39,196.71,3.042473207,203.5
12/23/2015,196.18,0.58,196.58,2.498076695,206.02
12/24/2015,196.18,0.16,196.81,2.912161023,205.68
12/28/2015,196.18,0.84,197.04,2.200545674,205.21
12/29/2015,196.18,0.34,196.33,2.316728471,207.4
12/30/2015,196.18,0.96,196.48,2.375198555,205.93
12/31/2015,196.18,0.02,197.06,2.356917795,203.87
1/4/2016,196.18,0.25,196.89,2.389695006,201.02
1/5/2016,196.18,0.59,197.15,2.82099922,201.36
1/6/2016,196.18,0.27,196.25,2.607332054,198.82
1/7/2016,196.18,0.57,196.52,2.919839319,194.05
1/8/2016,196.18,0.91,196.66,1.996842551,191.92
1/11/2016,196.18,0.75,197,2.166241178,192.11
1/12/2016,196.18,0.65,196.24,2.80125385,193.66
1/13/2016,196.18,0.6,196.58,2.823300916,188.83
1/14/2016,196.18,0.69,197.14,2.706217421,191.93
1/15/2016,196.18,0.17,197.04,1.892519321,187.81
1/19/2016,196.18,0.76,196.28,2.014171085,188.06
1/20/2016,196.18,0.6,197,2.423986195,185.65
1/21/2016,196.18,0.69,196.52,2.413623589,186.69
1/22/2016,196.18,0.86,197.12,2.346553059,190.52
1/25/2016,196.18,0.81,196.43,1.906378652,187.64
1/26/2016,196.18,0.72,196.55,2.626586446,190.2
1/27/2016,196.18,0.61,197.1,2.358783045,188.13
1/28/2016,196.18,0.08,196.88,1.959163528,189.11
1/29/2016,196.18,0.35,196.93,2.846892915,193.72
2/1/2016,196.18,0.94,197.01,2.644139242,193.65
2/2/2016,196.18,0.47,197,2.250445467,190.16
2/3/2016,196.18,0.34,196.69,2.595190632,191.3
2/4/2016,196.18,0.13,196.75,1.954873043,191.6
2/5/2016,196.18,0.37,197.15,2.549822883,187.95
2/8/2016,196.18,0.64,196.56,1.956403649,185.42
2/9/2016,196.18,0.12,196.69,2.321608697,185.43
2/10/2016,196.18,0.61,196.27,2.274390937,185.27
2/11/2016,196.18,0.04,196.81,2.353106402,182.86
2/12/2016,196.18,0.63,196.3,2.236826797,186.63
2/16/2016,196.18,0.25,196.31,1.929359933,189.78
2/17/2016,196.18,0.13,196.37,2.175180274,192.88
2/18/2016,196.18,0.09,196.55,2.406698141,192.09
2/19/2016,196.18,0.03,196.9,2.535943035,192
2/22/2016,196.18,0.33,196.25,2.521206293,194.78
2/23/2016,196.18,0.16,197.02,2.245033174,192.32
2/24/2016,196.18,0.07,196.27,2.178704655,193.2
2/25/2016,196.18,0.17,196.36,2.53550768,195.54
2/26/2016,196.18,0.51,197.07,2.14656512,195.09
2/29/2016,196.18,0.02,196.48,2.306209278,193.56
3/1/2016,196.18,0.73,196.93,2.874234361,198.11
3/2/2016,196.18,0.61,196.71,2.720816268,199
3/3/2016,196.18,0.59,196.47,2.726762807,199.78
3/4/2016,196.18,0.58,196.2,2.738917968,200.43
3/7/2016,196.18,0.89,197.01,2.859196561,200.59
3/8/2016,196.18,0.5,196.3,2.954421538,198.4
3/9/2016,196.18,0.46,196.48,3.012046892,199.38
3/10/2016,196.18,0.52,196.5,2.405350417,199.54
3/11/2016,196.18,1,196.63,2.224103432,202.76
3/14/2016,196.18,0.53,196.24,2.190428744,202.5
3/15/2016,196.18,0.05,196.56,2.882917775,202.17
3/16/2016,196.18,0.3,196.24,2.174911797,203.34
3/17/2016,196.18,0.1,196.37,2.61305587,204.63
3/18/2016,196.18,0.41,197.02,2.668034417,204.38
3/21/2016,196.18,0.36,196.23,2.469048261,204.67
3/22/2016,196.18,0.95,196.5,2.788089022,204.56
3/23/2016,196.18,0.85,196.39,2.956469709,203.21
3/24/2016,196.18,0.63,196.47,2.74149145,203.12
3/28/2016,196.18,0.67,196.97,2.434200722,203.24
3/29/2016,196.18,0.23,197.17,2.349474,205.12
3/30/2016,196.18,0.51,196.74,3.008799178,206.02
3/31/2016,196.18,0.84,197,2.691001637,205.52
4/1/2016,196.18,0.21,196.2,2.988430975,206.92
4/4/2016,196.18,0.43,196.68,2.480118878,206.25
4/5/2016,196.18,0.83,197.08,2.407023983,204.19
4/6/2016,196.18,0.38,197.07,2.805902615,206.42
4/7/2016,196.18,0.96,197.16,2.782966857,203.95
4/8/2016,196.18,0.75,196.88,2.245569446,204.5
4/11/2016,196.18,0.97,197.03,2.987153933,204.02
4/12/2016,196.18,0.35,196.38,2.939462842,205.92
4/13/2016,196.18,0.24,196.41,3.024425119,208
4/14/2016,196.18,0.69,196.3,2.129207799,208.01
4/15/2016,196.18,0.22,196.94,2.252361387,207.78
4/18/2016,196.18,0.26,196.44,2.456490352,209.24
4/19/2016,196.18,0.82,196.24,2.789982892,209.9
4/20/2016,196.18,0.82,196.4,2.191237356,210.1
4/21/2016,196.18,0.79,196.61,2.305335874,208.97
4/22/2016,196.18,0.15,196.75,2.349316157,208.97
4/25/2016,196.18,0.72,196.2,2.273880222,208.61
4/26/2016,196.18,0.74,196.36,3.024221527,208.92
4/27/2016,196.18,0.41,197.07,2.939975612,209.35
4/28/2016,196.18,0.06,196.68,2.522233276,207.45
4/29/2016,196.18,0.42,196.92,2.137899093,206.33
5/2/2016,196.18,0.46,196.33,2.577711681,207.97
5/3/2016,196.18,0.59,196.97,2.401001194,206.16
5/4/2016,196.18,0.91,196.56,3.019365469,205.01
5/5/2016,196.18,0.1,197.15,2.742619388,204.97
5/6/2016,196.18,0.66,196.22,2.769025399,205.72
5/9/2016,196.18,0.02,197,2.170990666,205.89
5/10/2016,196.18,0.71,196.77,2.522767701,208.45
5/11/2016,196.18,0.78,196.77,2.679986915,206.5
5/12/2016,196.18,0.09,196.65,2.563927562,206.56
5/13/2016,196.18,0.96,196.41,2.371878433,204.76
5/16/2016,196.18,0.12,196.46,2.140266908,206.78
5/17/2016,196.18,0.84,197.02,2.873866232,204.85
5/18/2016,196.18,0.07,196.49,2.136942507,204.91
5/19/2016,196.18,0.96,196.89,2.168519029,204.2
5/20/2016,196.18,0.7,196.82,2.248005644,205.49
5/23/2016,196.18,0.19,196.37,2.225723808,205.21
5/24/2016,196.18,0.47,196.75,2.58301009,207.87
5/25/2016,196.18,0.42,196.22,2.947691346,209.28
5/26/2016,196.18,0.43,196.5,2.706888086,209.34
5/27/2016,196.18,0.67,197.14,2.303758447,210.24
5/31/2016,196.18,0.96,196.66,2.216790294,209.84
6/1/2016,196.18,0.41,197.11,3.096799748,210.27
6/2/2016,196.18,0,197.03,2.285825825,210.91
6/3/2016,196.18,0.24,196.54,2.223906744,210.28
6/6/2016,196.18,0.02,196.33,2.397158976,211.35
6/7/2016,196.18,0.57,196.29,2.300280739,211.68
6/8/2016,196.18,0.81,196.32,2.718402888,212.37
6/9/2016,196.18,0.34,196.98,2.822144623,212.08
6/10/2016,196.18,0.57,196.93,2.711339188,210.07
6/13/2016,196.18,0.22,196.38,2.94729526,208.45
6/14/2016,196.18,0.9,196.25,2.391136705,208.04
6/15/2016,196.18,0.33,196.85,2.267506153,207.75
6/16/2016,196.18,0.14,197.07,2.774775577,208.37
6/17/2016,196.18,0.58,196.28,2.213472453,206.52
6/20/2016,196.18,0.85,197.01,2.714157502,207.85
6/21/2016,196.18,0.51,197.14,2.906757768,208.44
6/22/2016,196.18,0.39,196.67,2.545471266,208.1
6/23/2016,196.18,0.65,196.89,2.595029889,210.81
6/24/2016,196.18,0.72,196.38,2.875432684,203.24
6/27/2016,196.18,0.9,196.65,2.34557932,199.6
6/28/2016,196.18,0.05,196.8,2.138629033,203.2
6/29/2016,196.18,0.59,196.68,2.784251638,206.66
6/30/2016,196.18,0.59,196.99,2.633122234,209.48
7/1/2016,196.18,0.3,196.47,2.18005712,209.92
7/5/2016,196.18,0.04,197.11,2.652130263,208.41
7/6/2016,196.18,0.55,196.25,2.763895891,209.66
7/7/2016,196.18,0.73,196.82,3.064516242,209.53
7/8/2016,196.18,0.89,196.44,2.149758193,212.65
7/11/2016,196.18,0.48,196.64,3.108301114,213.4
7/12/2016,196.18,0.26,196.99,3.151308885,214.95
7/13/2016,196.18,0.48,196.58,2.803993173,214.92
7/14/2016,196.18,0.4,196.5,2.330732016,216.12
7/15/2016,196.18,0.76,196.19,2.976565571,215.83
7/18/2016,196.18,0.73,196.82,2.584722479,216.41
7/19/2016,196.18,0.45,196.65,2.498130334,216.19
7/20/2016,196.18,0.24,196.95,2.349672265,217.09
7/21/2016,196.18,0.71,196.9,3.10141718,216.27
7/22/2016,196.18,0.09,196.51,2.236783961,217.24
7/25/2016,196.18,0.25,196.39,2.282834867,216.65
7/26/2016,196.18,0.54,196.82,2.367332974,216.75
7/27/2016,196.18,0.3,196.39,2.792093254,216.52
7/28/2016,196.18,0.54,196.68,2.533448122,216.77
7/29/2016,196.18,0.74,196.8,2.943789971,217.12
8/1/2016,196.18,0.23,196.84,2.646097607,216.94
8/2/2016,196.18,0.87,196.92,2.770565348,215.55
8/3/2016,196.18,0.77,196.32,2.722278353,216.18
8/4/2016,196.18,0.57,196.27,2.669995592,216.41
8/5/2016,196.18,0.58,197.17,2.573780589,218.18
8/8/2016,196.18,0.52,196.42,2.211402384,218.05
8/9/2016,196.18,0.67,196.36,2.793659361,218.18
8/10/2016,196.18,0.01,197.07,2.716114764,217.64
8/11/2016,196.18,0.48,197.08,2.469002741,218.65
8/12/2016,196.18,0.73,196.9,2.405432356,218.46
8/15/2016,196.18,0.93,197.18,2.367001011,219.09
8/16/2016,196.18,0.87,196.69,2.192128642,217.96
8/17/2016,196.18,0.97,196.43,2.266922868,218.37
8/18/2016,196.18,0.62,196.64,2.706273307,218.86
8/19/2016,196.18,0.64,196.79,2.733736599,218.54
8/22/2016,196.18,0.02,196.24,2.59286643,218.53
8/23/2016,196.18,0.89,196.66,2.979084957,218.97
8/24/2016,196.18,0.11,197.04,2.319354368,217.85
8/25/2016,196.18,0.78,196.9,2.643426508,217.7
8/26/2016,196.18,0.27,196.75,3.02939951,217.29
8/29/2016,196.18,0.94,197.03,2.493141413,218.36
8/30/2016,196.18,0.05,196.83,2.490387347,218
8/31/2016,196.18,0.06,196.41,2.995395369,-217.38
9/1/2016,196.18,0.54,196.73,2.215019599,217.39
9/2/2016,196.18,0.87,196.31,2.217988357,218.37
9/6/2016,196.18,0.87,196.48,2.974928565,219.03
9/7/2016,196.18,0.12,196.48,2.88445661,219.01
9/8/2016,196.18,0.4,197.14,2.336238593,218.51
9/9/2016,196.18,0.04,196.94,2.33585784,213.28
9/12/2016,196.18,0.69,196.97,2.403911733,216.34
9/13/2016,196.18,0.77,196.42,2.188125894,213.23
9/14/2016,196.18,0.54,196.66,2.271481681,213.15
9/15/2016,196.18,0.41,196.62,2.582552856,215.28
9/16/2016,196.18,0.49,196.42,2.493499387,213.37
9/19/2016,196.18,0.32,197.17,3.140680125,213.41
9/20/2016,196.18,0.25,196.46,2.767076055,213.42
9/21/2016,196.18,0.6,196.81,2.413520069,215.82
9/22/2016,196.18,0.74,196.52,2.849119634,217.18
9/23/2016,196.18,0.72,197.17,2.341440347,215.99
9/26/2016,196.18,0.63,197.17,2.652090983,214.24
9/27/2016,196.18,0.9,196.88,2.580279647,215.57
9/28/2016,196.18,0.67,196.87,3.153418597,216.64
9/29/2016,196.18,0.24,196.34,2.288759977,214.68
9/30/2016,196.18,0.67,196.6,2.382427476,216.3
10/3/2016,196.18,0.42,197.03,2.325245959,215.78
10/4/2016,196.18,0.17,197.12,2.199590389,214.68
10/5/2016,196.18,0.95,196.7,2.282941141,215.63
10/6/2016,196.18,0.61,196.95,3.063280509,215.78
10/7/2016,196.18,0.39,196.67,3.084880216,215.04
10/10/2016,196.18,0.04,197.08,2.591763559,216.16
10/11/2016,196.18,0.42,197.11,2.138428503,213.43
10/12/2016,196.18,0.79,196.52,2.253553534,213.71
10/13/2016,196.18,0.82,196.74,2.315363619,213.01
10/14/2016,196.18,0.36,196.74,2.970129785,213.12
10/17/2016,196.18,0,196.63,2.804151307,212.38
10/18/2016,196.18,0.35,196.54,2.217531153,213.71
10/19/2016,196.18,0.66,196.77,2.805724625,214.28
10/20/2016,196.18,0.32,196.78,2.262390779,213.88
10/21/2016,196.18,0.35,196.43,2.800542364,213.98
10/24/2016,196.18,0.87,196.42,2.90797015,214.89
10/25/2016,196.18,0.78,196.98,2.466263981,214.17
10/26/2016,196.18,0.57,196.62,2.611047879,213.74
10/27/2016,196.18,0.27,196.67,2.574699368,213.17
10/28/2016,196.18,0.17,196.48,2.934351862,212.54
10/31/2016,196.18,0.07,196.97,2.728433357,212.55
11/1/2016,196.18,0.52,196.73,2.980347931,211.01
11/2/2016,196.18,0.13,196.32,2.178218784,209.74
11/3/2016,196.18,0.31,196.9,2.67203256,208.78
11/4/2016,196.18,0.54,196.4,2.46060936,208.55
11/7/2016,196.18,0.42,196.96,2.483742304,213.15
11/8/2016,196.18,0,196.42,2.253006485,214.11
11/9/2016,196.18,0.8,196.88,2.436247222,216.38
11/10/2016,196.18,0.05,196.38,2.312103351,216.92
11/11/2016,196.18,0.15,196.82,2.35885726,216.42
11/14/2016,196.18,0.55,196.92,2.33179215,216.59
11/15/2016,196.18,0.95,196.88,3.183020209,218.28
11/16/2016,196.18,0.86,196.94,3.11092904,217.87
11/17/2016,196.18,0.29,196.63,2.576638638,218.99
11/18/2016,196.18,0.38,196.6,2.45939467,218.5
11/21/2016,196.18,0.56,196.8,2.900735995,220.15
11/22/2016,196.18,0.73,196.64,3.071711685,220.58
11/23/2016,196.18,0.28,196.56,2.404172666,220.7
11/25/2016,196.18,0.56,197.04,3.101370225,221.52
11/28/2016,196.18,0.78,196.71,2.998619088,220.48
11/29/2016,196.18,0.55,196.83,2.560519353,220.91
11/30/2016,196.18,0.23,196.39,2.726708044,220.38
12/1/2016,196.18,0.95,196.49,2.654085889,219.57
12/2/2016,196.18,0.04,197.09,2.587108154,219.68
12/5/2016,196.18,0.54,196.67,2.364806121,221
12/6/2016,196.18,0.93,197.04,2.614742652,221.7
12/7/2016,196.18,0.41,196.73,2.695478864,224.6
12/8/2016,196.18,0.94,197.14,2.336804519,225.15
12/9/2016,196.18,0.54,196.81,2.700601057,226.51
12/12/2016,196.18,0.66,196.23,2.259735449,226.25
12/13/2016,196.18,0.92,196.37,2.400245339,227.76
12/14/2016,196.18,0.75,197.05,2.724016758,225.88
12/15/2016,196.18,0.9,196.48,2.434298389,226.81
12/16/2016,196.18,0.96,197.04,2.946554626,225.04
12/19/2016,196.18,0.55,196.68,2.774739769,225.53
12/20/2016,196.18,1,196.96,2.937171623,226.4
12/21/2016,196.18,0.89,197.04,2.392198542,225.77
12/22/2016,196.18,0.7,196.39,2.607339706,225.38
12/23/2016,196.18,0.05,197.09,3.097740967,225.71
12/27/2016,196.18,0.55,196.21,2.933111653,226.27
12/28/2016,196.18,0.42,196.66,2.634544977,224.4
12/29/2016,196.18,0.45,196.6,3.045834478,224.35
12/30/2016,196.18,0.34,196.9,3.112413487,223.53
1/3/2017,196.18,0.57,196.57,3.095316663,225.24
1/4/2017,196.18,0.74,196.33,2.406103793,226.58
1/5/2017,196.18,0.7,196.71,2.683661603,226.4
1/6/2017,196.18,0.33,196.71,2.99157499,227.21
1/9/2017,196.18,0.05,196.62,3.257014152,226.46
1/10/2017,196.18,0.9,197.09,2.343175641,226.46
1/11/2017,196.18,0.41,196.33,2.345064769,227.1
1/12/2017,196.18,0.69,196.29,3.168598973,226.53
1/13/2017,196.18,0.64,196.2,3.016443349,227.05
1/17/2017,196.18,0.5,196.47,3.042531685,226.25
1/18/2017,196.18,0.51,196.69,2.513675801,226.75
1/19/2017,196.18,0.24,196.26,2.690149589,225.91
1/20/2017,196.18,0.54,196.96,2.393273691,226.74
1/23/2017,196.18,0.69,196.61,2.843600469,226.15
1/24/2017,196.18,0.19,196.54,2.684740849,227.6
1/25/2017,196.18,0.76,197.18,3.151286112,229.57
1/26/2017,196.18,0.21,197.05,3.096286835,229.33
1/27/2017,196.18,0.61,196.52,3.127101661,228.97
1/30/2017,196.18,0.55,196.48,2.364757784,227.55
1/31/2017,196.18,0.23,196.89,2.577780356,227.53
2/1/2017,196.18,0.42,196.28,2.766993656,227.62
2/2/2017,196.18,0.89,196.37,3.249306543,227.77
2/3/2017,196.18,0.33,196.42,2.957382246,229.34
2/6/2017,196.18,0.91,196.77,2.9366324,228.93
2/7/2017,196.18,0.24,196.76,2.356560214,228.94
2/8/2017,196.18,0.14,197.1,2.505669388,229.24
2/9/2017,196.18,0.35,196.81,2.443270343,230.6
2/10/2017,196.18,0.75,196.51,3.180310187,231.51
2/13/2017,196.18,0.97,197.02,2.716373064,232.77
2/14/2017,196.18,0.46,197.14,2.569003072,233.7
2/15/2017,196.18,0.38,197.18,3.266600546,234.92
2/16/2017,196.18,0.21,196.9,2.592650616,234.72
2/17/2017,196.18,0.59,196.35,3.313624709,235.09
2/21/2017,196.18,0.63,197.16,2.495073923,236.49
2/22/2017,196.18,0.19,196.45,2.616389147,236.28
2/23/2017,196.18,0.9,196.81,2.622842607,236.44
2/24/2017,196.18,0.77,196.51,2.736101517,236.74
2/27/2017,196.18,0.3,196.53,2.920644419,237.11
2/28/2017,196.18,0.46,196.61,2.516690467,236.47
3/1/2017,196.18,0.57,196.76,2.459395166,239.78
3/2/2017,196.18,0.26,197.03,2.953713203,238.27
3/3/2017,196.18,0.37,196.58,3.297982874,238.42
3/6/2017,196.18,0.76,196.21,2.560826686,237.71
3/7/2017,196.18,0.58,196.34,2.945859117,237
3/8/2017,196.18,0.22,197.08,2.394880354,236.56
3/9/2017,196.18,0.01,196.59,3.182634295,236.86
3/10/2017,196.18,0.13,196.45,2.829304769,237.69
3/13/2017,196.18,0.16,196.37,2.615380241,237.81
3/14/2017,196.18,0.83,196.73,3.154414262,236.9
3/15/2017,196.18,0.22,196.33,2.673918735,238.95
3/16/2017,196.18,0.36,197.01,2.669584314,238.48
3/17/2017,196.18,0.82,196.55,2.725461601,237.03
3/20/2017,196.18,0.68,196.77,2.775027148,236.77
3/21/2017,196.18,0.6,196.58,2.696869884,233.73
3/22/2017,196.18,0.27,196.68,3.01557287,234.28
3/23/2017,196.18,0.46,196.61,2.476643768,234.03
3/24/2017,196.18,0.6,197.03,2.374667766,233.86
3/27/2017,196.18,0.86,196.86,2.467484072,233.62
3/28/2017,196.18,0.1,196.97,3.014848677,235.32
3/29/2017,196.18,0.3,196.94,2.44438052,235.54
3/30/2017,196.18,0.03,196.34,3.322070225,236.29
3/31/2017,196.18,0.38,197.17,3.028667427,235.74
4/3/2017,196.18,0.67,197.14,2.792645309,235.33
4/4/2017,196.18,0.46,196.72,3.344079143,235.48
4/5/2017,196.18,0.74,196.3,2.449465721,234.78
4/6/2017,196.18,0.79,197.03,2.546251028,235.44
4/7/2017,196.18,0.37,196.34,2.973673315,235.2
4/10/2017,196.18,0.01,196.74,2.408504508,235.34
4/11/2017,196.18,0.97,196.78,3.091557117,235.06
4/12/2017,196.18,0.21,196.29,2.871716591,234.03
4/13/2017,196.18,0.51,196.65,2.518647718,232.51
4/17/2017,196.18,0.78,196.62,2.825435525,234.57
4/18/2017,196.18,0.37,196.64,3.212429599,233.87
4/19/2017,196.18,0.14,196.46,2.585471242,233.44
4/20/2017,196.18,0.79,196.54,3.162589474,235.34
4/21/2017,196.18,0.95,196.79,3.117959393,234.59
4/24/2017,196.18,0.15,196.21,3.101304245,237.17
4/25/2017,196.18,0.44,197.08,3.294171567,238.55
4/26/2017,196.18,1,197.09,2.975279642,238.4
4/27/2017,196.18,0.64,196.93,2.540083436,238.6
4/28/2017,196.18,0.3,196.59,3.268759491,238.08
5/1/2017,196.18,0.38,196.82,3.034644757,238.68
5/2/2017,196.18,0.53,196.23,2.747112027,238.77
5/3/2017,196.18,0.81,197.17,2.918635295,238.48
5/4/2017,196.18,0.88,196.3,3.06735765,238.76
5/5/2017,196.18,0.63,197.08,2.648144479,239.7
5/8/2017,196.18,0.03,196.96,2.602144309,239.66
5/9/2017,196.18,0.72,196.94,2.602832321,239.44
5/10/2017,196.18,0.91,196.97,2.833318324,239.87
5/11/2017,196.18,0.62,196.18,3.305743292,239.38
5/12/2017,196.18,0.05,196.21,2.775856857,238.98
5/15/2017,196.18,0.28,196.71,3.3249637,240.3
5/16/2017,196.18,0.21,196.85,3.266737223,240.08
5/17/2017,196.18,0.86,196.59,2.77818852,235.82
5/18/2017,196.18,1,196.82,2.547411968,236.77
5/19/2017,196.18,0.58,196.47,2.977969093,238.31
5/22/2017,196.18,0.54,196.61,2.476649933,239.52
5/23/2017,196.18,0.66,196.72,2.992550131,240.05
5/24/2017,196.18,0.54,196.51,3.067535439,240.61
5/25/2017,196.18,0.02,196.9,3.282926978,241.76
5/26/2017,196.18,0.33,196.91,3.31819834,241.71
5/30/2017,196.18,0.53,197.1,3.010039489,241.5
5/31/2017,196.18,0.54,196.54,3.074559638,241.44
6/1/2017,196.18,0.85,196.93,3.321730269,243.36
6/2/2017,196.18,0.08,196.24,3.277009028,244.17
6/5/2017,196.18,0.38,196.2,2.715786043,243.99
6/6/2017,196.18,0.89,196.56,2.672532519,243.21
6/7/2017,196.18,0.79,196.64,2.560344119,243.66
6/8/2017,196.18,0.8,196.59,2.863177621,243.78
6/9/2017,196.18,0.76,196.49,3.186537763,243.41
6/12/2017,196.18,0.05,196.82,3.043953567,243.36
6/13/2017,196.18,0.1,196.36,3.02027185,244.55
6/14/2017,196.18,0.54,196.96,3.068541464,244.24
6/15/2017,196.18,0.4,196.85,2.830326843,243.77
6/16/2017,196.18,0.71,196.91,2.901505005,242.64
6/19/2017,196.18,0.87,196.37,3.186551464,244.66
6/20/2017,196.18,0.87,196.86,2.624825247,243.01
6/21/2017,196.18,0.73,196.67,2.67952426,242.95
6/22/2017,196.18,0.35,196.38,3.358067671,242.84
6/23/2017,196.18,0.19,196.86,2.828150749,243.13
6/26/2017,196.18,0.86,196.59,3.425769854,243.29
6/27/2017,196.18,0.71,196.59,2.71299082,241.33
6/28/2017,196.18,0.38,196.25,3.293692857,243.49
6/29/2017,196.18,0.48,196.44,2.473377398,241.35
6/30/2017,196.18,0.64,196.8,2.9927205,241.8
7/3/2017,196.18,0.69,196.37,2.935189026,242.21
7/5/2017,196.18,0.97,197.01,2.581092295,242.77
7/6/2017,196.18,0.76,196.83,2.446093525,240.55
7/7/2017,196.18,0.75,196.62,2.739281183,242.11
7/10/2017,196.18,0.38,196.31,3.206900687,242.37
7/11/2017,196.18,0.17,196.72,3.095107992,242.19
7/12/2017,196.18,0.86,196.54,2.969344801,244.01
7/13/2017,196.18,0.97,196.22,3.168326434,244.42
7/14/2017,196.18,0.99,196.7,2.854056251,245.56
7/17/2017,196.18,0.82,196.79,2.724103225,245.53
7/18/2017,196.18,0.36,197.05,3.240437764,245.66
7/19/2017,196.18,0.6,196.96,3.016656302,246.99
7/20/2017,196.18,0.05,196.83,2.838941984,247.1
7/21/2017,196.18,0.87,197.11,3.419157896,246.88
7/24/2017,196.18,0.96,197.08,2.768497464,246.82
7/25/2017,196.18,0.42,196.86,2.967113491,247.42
7/26/2017,196.18,0.93,196.49,3.264723609,247.43
7/27/2017,196.18,0.08,196.76,3.380965361,247.2
7/28/2017,196.18,0.86,196.64,3.124672431,246.91
7/31/2017,196.18,0.55,197.11,2.54377976,246.77
8/1/2017,196.18,0.54,196.47,2.630955458,247.32
8/2/2017,196.18,0.66,196.55,3.435983398,247.44
8/3/2017,196.18,0.29,196.85,3.260917326,246.96
8/4/2017,196.18,0.91,196.53,2.508413021,247.41
8/7/2017,196.18,0.75,196.6,2.80218624,247.87
8/8/2017,196.18,0.66,196.67,2.755541079,247.26
8/9/2017,196.18,0.84,196.66,3.067045733,247.25
8/10/2017,196.18,0.61,196.71,2.691680343,243.76
8/11/2017,196.18,0.63,196.72,3.272165261,244.12
8/14/2017,196.18,0.9,196.4,3.055036187,246.54
8/15/2017,196.18,0.27,196.62,3.235822428,246.51
8/16/2017,196.18,0.5,196.83,2.608969051,246.94
8/17/2017,196.18,0.74,196.6,3.380242318,243.09
8/18/2017,196.18,0.98,197.09,2.785699616,242.71
8/21/2017,196.18,0.52,196.88,2.596998968,242.9
8/22/2017,196.18,0.96,196.64,3.395728803,245.44
8/23/2017,196.18,0.66,196.95,2.838840658,244.56
8/24/2017,196.18,0.81,196.64,2.976498033,243.99
8/25/2017,196.18,1,196.29,3.435707909,244.56
8/28/2017,196.18,0.27,196.32,3.219210565,244.57
8/29/2017,196.18,0.09,196.93,3.37438293,244.85
8/30/2017,196.18,0.57,196.74,3.2800016,246.01
8/31/2017,196.18,0.75,196.3,3.204383717,247.49
9/1/2017,196.18,0.31,197.11,2.470839573,247.84
9/5/2017,196.18,0.89,196.38,2.839338849,246.06
9/6/2017,196.18,0.08,196.87,3.438262276,246.9
9/7/2017,196.18,0.22,196.92,2.71906792,246.87
9/8/2017,196.18,0.55,196.29,2.940479068,246.58
9/11/2017,196.18,0.91,196.54,2.655690681,249.21
9/12/2017,196.18,0.81,196.61,3.057691993,250.05
9/13/2017,196.18,0.15,196.55,2.878051525,250.17
9/14/2017,196.18,0.92,196.73,2.784278536,250.09
9/15/2017,196.18,0.9,196.33,2.81641682,249.19
9/18/2017,196.18,0.68,196.66,2.722466609,249.72
9/19/2017,196.18,0.23,196.56,2.761928501,249.97
9/20/2017,196.18,0.37,196.55,3.439175519,250.06
9/21/2017,196.18,0.61,196.19,2.885033033,249.39
9/22/2017,196.18,0.78,196.94,3.09785907,249.44
9/25/2017,196.18,0.22,196.86,2.574685209,248.93
9/26/2017,196.18,0.21,196.67,2.825617514,249.08
9/27/2017,196.18,0.88,196.87,2.74584673,250.05
9/28/2017,196.18,0.83,196.44,3.128362634,250.35
9/29/2017,196.18,0.89,196.92,3.355601425,251.23
10/2/2017,196.18,0.22,196.76,3.395504396,252.32
10/3/2017,196.18,0.49,196.96,3.200307844,252.86
10/4/2017,196.18,0.98,196.83,3.15275302,253.16
10/5/2017,196.18,0.67,196.37,3.102859672,254.66
10/6/2017,196.18,0.24,196.71,3.227546788,254.37
10/9/2017,196.18,0.32,196.68,3.514393085,253.95
10/10/2017,196.18,0.4,196.48,3.016750261,254.62
10/11/2017,196.18,0.49,196.59,3.223573829,255.02
10/12/2017,196.18,0.07,196.85,2.716197178,254.64
10/13/2017,196.18,0.93,196.18,3.092511445,254.95
10/16/2017,196.18,0.87,196.43,2.9716911,255.29
10/17/2017,196.18,0.07,196.79,3.540844962,255.47
10/18/2017,196.18,0.7,196.29,3.036290794,255.72
10/19/2017,196.18,0.98,196.31,3.07435166,255.79
10/20/2017,196.18,0.25,196.93,3.064831757,257.11
10/23/2017,196.18,0.65,196.96,3.392944358,256.11
10/24/2017,196.18,0.3,196.37,2.878827067,256.56
10/25/2017,196.18,0.13,197.01,3.439876292,255.29
10/26/2017,196.18,0.68,196.34,3.550975095,255.62
10/27/2017,196.18,0.94,196.54,2.770731413,257.71
10/30/2017,196.18,0.41,196.95,3.246027983,256.75
10/31/2017,196.18,0.38,196.9,2.688056339,257.15
11/1/2017,196.18,0.91,196.33,2.701395041,257.49
11/2/2017,196.18,0.55,196.4,3.236484458,257.59
11/3/2017,196.18,0.48,196.21,3.035647848,258.45
11/6/2017,196.18,0.42,196.97,3.506700582,258.85
11/7/2017,196.18,0.18,196.54,2.886593582,258.67
11/8/2017,196.18,0,196.46,3.299567684,259.11
11/9/2017,196.18,0.72,196.25,2.965100421,258.17
11/10/2017,196.18,0.61,196.89,3.096528033,258.09
11/13/2017,196.18,0.55,197.12,3.531090573,258.33
11/14/2017,196.18,0.15,196.73,2.607743186,257.73
11/15/2017,196.18,0.98,196.61,3.46466936,256.44
11/16/2017,196.18,0.75,196.31,2.782946573,258.62
11/17/2017,196.18,0.44,197.12,3.289877502,257.86
11/20/2017,196.18,0.75,197.02,2.729340291,258.3
11/21/2017,196.18,0.52,196.44,2.816726204,259.99
11/22/2017,196.18,0.11,196.76,2.871852181,259.76
11/24/2017,196.18,0.98,196.36,3.500581793,260.36
11/27/2017,196.18,0.05,196.78,3.580581227,260.23
11/28/2017,196.18,0.74,196.51,2.97654143,262.87
11/29/2017,196.18,0.61,196.82,3.460822371,262.71
11/30/2017,196.18,0.36,197.05,3.331129794,265.01
12/1/2017,196.18,0.64,196.78,3.450149344,264.46
12/4/2017,196.18,0.74,196.83,3.562859777,264.14
12/5/2017,196.18,0.64,196.88,2.646120022,263.19
12/6/2017,196.18,0.6,196.52,3.184771696,263.24
12/7/2017,196.18,0.88,197.1,2.951583638,264.07
12/8/2017,196.18,0.68,196.51,2.881830538,265.51
12/11/2017,196.18,0.03,196.77,3.349045564,266.31
12/12/2017,196.18,0.07,196.58,3.504994333,266.78
12/13/2017,196.18,0.54,197.15,2.783944446,266.75
12/14/2017,196.18,0.27,196.78,2.959284254,265.66
12/15/2017,196.18,0.13,196.95,3.370717597,266.51
12/18/2017,196.18,0.31,196.77,3.32858374,268.2
12/19/2017,196.18,0.58,196.39,3.505396566,267.17
12/20/2017,196.18,0.88,196.21,2.860281974,267.03
12/21/2017,196.18,0.24,196.74,2.883155769,267.58
12/22/2017,196.18,0.33,197.05,3.070118904,267.51
12/26/2017,196.18,0.78,196.21,3.562567583,267.19
12/27/2017,196.18,0.25,197.11,2.678888453,267.32
12/28/2017,196.18,0.37,196.86,2.925787599,267.87
12/29/2017,196.18,0.68,197.02,3.088477623,266.86
1/2/2018,196.18,0.69,196.29,3.178307855,268.77
1/3/2018,196.18,0.12,196.77,3.241769187,270.47
1/4/2018,196.18,0.1,197.06,3.18346174,271.61
1/5/2018,196.18,0.83,196.45,2.788939191,273.42
1/8/2018,196.18,0.24,196.88,3.564251452,273.92
1/9/2018,196.18,0.08,196.9,3.475087803,274.54
1/10/2018,196.18,0.38,196.24,3.475163726,274.12
1/11/2018,196.18,0.03,196.69,3.258250763,276.12
1/12/2018,196.18,0.38,197.05,3.245466432,277.92
1/16/2018,196.18,1,196.75,3.388066943,276.97
1/17/2018,196.18,0.43,196.69,3.318450943,279.61
1/18/2018,196.18,0.86,196.93,3.214739321,279.14
1/19/2018,196.18,0.94,196.71,2.892012385,280.41
1/22/2018,196.18,0.08,196.4,3.72326353,282.69
1/23/2018,196.18,0.48,197.02,3.816092359,283.29
1/24/2018,196.18,0.21,196.45,2.922706728,283.18
1/25/2018,196.18,0.75,197.07,3.683944987,283.3
1/26/2018,196.18,0.75,197.04,3.439811713,286.58
1/29/2018,196.18,0.05,196.47,2.964349853,284.68
1/30/2018,196.18,0.12,196.54,2.886379776,281.76
1/31/2018,196.18,0.9,196.93,2.806859937,281.9
2/1/2018,196.18,0.9,196.54,2.771714446,281.58
2/2/2018,196.18,0.76,196.9,3.040267659,275.45
2/5/2018,196.18,0.32,197.01,2.780520035,263.93
2/6/2018,196.18,0.39,196.53,2.773668208,269.13
2/7/2018,196.18,0.42,197.18,3.34012159,267.67
2/8/2018,196.18,0.14,196.9,2.980318766,257.63
2/9/2018,196.18,0.69,196.85,3.483581263,261.5
2/12/2018,196.18,0.11,197.02,2.77515418,265.34
2/13/2018,196.18,0.6,197.04,3.077461471,266
2/14/2018,196.18,0.14,196.54,2.814788955,269.59
2/15/2018,196.18,0.58,196.66,3.305602761,273.03
2/16/2018,196.18,0.16,196.8,2.830426321,273.11
2/20/2018,196.18,0.31,196.21,2.854912938,271.4
2/21/2018,196.18,0.07,196.69,3.358466389,270.05
2/22/2018,196.18,0.76,196.3,3.155400366,270.4
2/23/2018,196.18,0.22,196.96,2.749019658,274.71
2/26/2018,196.18,0.63,197.14,3.218060844,277.9
2/27/2018,196.18,0.69,196.47,2.723263073,274.43
2/28/2018,196.18,0.04,196.93,2.841964935,271.65
3/1/2018,196.18,0.71,196.85,3.062633226,267.7
3/2/2018,196.18,0.11,197.08,3.284675056,269.08
3/5/2018,196.18,0.18,197.1,3.185523202,272.19
3/6/2018,196.18,0.44,196.95,2.872370937,272.88
3/7/2018,196.18,0.9,197.15,3.755013823,272.78
3/8/2018,196.18,0.23,196.89,3.544678589,274.1
3/9/2018,196.18,0.3,196.61,2.976625917,278.87
3/12/2018,196.18,0.91,196.55,3.091333518,278.52
3/13/2018,196.18,0.9,197.05,3.23898656,276.72
3/14/2018,196.18,0.51,196.82,3.221847915,275.3
3/15/2018,196.18,0.93,196.29,3.017116056,275
3/16/2018,196.18,0.68,196.77,2.804736706,274.2
3/19/2018,196.18,0.72,197.05,3.17097092,270.49
3/20/2018,196.18,0.42,196.55,2.809263631,270.95
3/21/2018,196.18,0.04,196.88,3.110061659,270.43
3/22/2018,196.18,0.54,196.9,3.189919565,263.67
3/23/2018,196.18,0,196.34,3.022869878,258.05
3/26/2018,196.18,0.55,196.51,2.961053665,265.11
3/27/2018,196.18,0.19,196.21,2.852810264,260.6
3/28/2018,196.18,0.37,196.97,3.046331591,259.83
3/29/2018,196.18,0.22,196.43,2.985852182,263.15
4/2/2018,196.18,0.83,196.44,3.029428239,257.47
4/3/2018,196.18,0.66,196.95,2.885446372,260.77
4/4/2018,196.18,0.1,196.86,3.338259183,263.56
4/5/2018,196.18,0.36,196.24,2.694072706,265.64
4/6/2018,196.18,0.14,196.65,3.111915141,259.72
4/9/2018,196.18,0.42,196.38,3.622803406,261
4/10/2018,196.18,0.82,196.34,3.622803406,265.15
4/11/2018,196.18,0.27,196.42,3.622803406,633.76