Date,MKT,SMB,HML,RMW,CMA
20120103,1.5,-0.1,0.87,-0.67,-0.21
20120104,0,-0.63,0.09,0.27,-0.05
20120105,0.39,0.2,0.14,-0.37,0.07
20120106,-0.19,-0.04,-0.26,-0.04,-0.04
20120109,0.28,0.27,-0.06,-0.2,0.25
20120110,0.97,0.4,0.4,-0.78,-0.02
20120111,0.13,0.16,0.35,-0.76,0.22
20120112,0.31,0.28,0,-0.25,0.06
20120113,-0.52,-0.23,-0.45,0.64,0.11
20120117,0.36,-0.13,-0.72,0.58,-0.32
20120118,1.22,0.57,0.15,-0.62,-0.17
20120119,0.51,-0.14,-0.22,-0.12,-0.25
20120120,0.03,0.28,0.65,0.02,0.11
20120123,0.02,-0.21,0.13,0.34,-0.38
20120124,0,0.74,-0.4,-0.39,-0.24
20120125,0.91,0.07,-0.71,0.31,-0.21
20120126,-0.59,0.21,-0.55,0.2,-0.04
20120127,0.01,0.85,-0.12,-0.37,-0.17
20120130,-0.31,-0.46,-0.3,0.46,0.04
20120131,-0.05,-0.04,0.02,-0.05,-0.12
20120201,1.1,1.11,0.36,-0.5,0.31
20120202,0.17,0.38,-0.05,-0.47,-0.02
20120203,1.58,0.62,0.33,-0.63,-0.23
20120206,-0.05,-0.29,-0.2,-0.03,-0.24
20120207,0.16,-0.27,-0.09,0.21,0
20120208,0.25,-0.11,0.42,-0.15,0.01
20120209,0.15,-0.38,-0.38,0.19,0.01
20120210,-0.75,-0.58,-0.1,0.29,0.16
20120213,0.75,0.58,-0.06,-0.19,0.01
20120214,-0.09,-0.41,-0.41,0.56,-0.21
20120215,-0.5,-0.23,0.09,-0.11,0.03
20120216,1.27,0.7,0.28,-0.18,-0.15
20120217,0.16,-0.24,0.5,0.07,0.3
20120221,-0.05,-0.62,0.37,0.13,-0.33
20120222,-0.39,-0.39,-0.64,0.47,-0.16
20120223,0.56,0.9,-0.08,-0.39,0.24
20120224,0.15,-0.47,-0.65,0.18,-0.21
20120227,0.14,-0.14,0.36,0.03,0.1
20120228,0.28,-0.62,-0.14,0.16,-0.04
20120229,-0.55,-1.06,0.2,0.19,0.31
20120301,0.64,-0.16,0.02,-0.02,-0.08
20120302,-0.46,-1.26,0,0.1,0.35
20120305,-0.4,0.46,0.26,0.14,0.38
20120306,-1.62,-0.35,-0.33,0.5,-0.2
20120307,0.8,0.32,0.22,-0.32,0.07
20120308,1.07,0.38,-0.3,-0.13,0.05
20120309,0.49,0.9,0.15,-0.21,-0.01
20120312,-0.07,-0.21,-0.03,0.28,0.08
20120313,1.86,0.15,0.89,-0.64,-0.09
20120314,-0.23,-0.61,-0.22,0.44,0.15
20120315,0.67,0.3,0.51,-0.55,0.15
20120316,0.06,-0.27,0.39,-0.46,-0.17
20120319,0.41,0.5,-0.1,-0.13,-0.35
20120320,-0.39,-0.63,0.31,0.04,0.12
20120321,-0.1,0.29,-0.4,0.15,0.09
20120322,-0.74,-0.14,-0.43,0.56,-0.03
20120323,0.39,0.61,0.32,-0.33,-0.18
20120326,1.45,0.49,-0.24,0.13,-0.16
20120327,-0.3,-0.38,-0.32,0.07,-0.11
20120328,-0.51,0,0.42,-0.22,0.38
20120329,-0.16,-0.05,-0.23,0.2,0.14
20120330,0.28,-0.69,-0.04,-0.02,0.17
20120402,0.77,0.34,0.04,0.15,-0.33
20120403,-0.34,-0.33,-0.32,0.16,0.2
20120404,-1.11,-0.6,0.04,0.27,0.35
20120405,-0.03,-0.11,-0.48,0.22,-0.19
20120409,-1.21,-0.44,-0.04,0.52,0.17
20120410,-1.85,-0.44,0.09,0.24,0.08
20120411,0.85,0.8,0.28,-0.27,0.14
20120412,1.44,0.08,0.31,-0.48,-0.19
20120413,-1.25,-0.2,-0.76,0.62,0.1
20120416,-0.09,0.19,0.85,-0.21,0.47
20120417,1.55,0.04,-0.24,-0.11,-0.34
20120418,-0.43,-0.46,-0.41,0.36,-0.11
20120419,-0.57,-0.06,0.3,-0.31,0.3
20120420,0.11,0.52,-0.08,0.31,0.64
20120423,-0.95,-0.51,0.15,0.06,-0.04
20120424,0.29,0.27,0.99,-0.62,0.7
20120425,1.44,0.37,-1.05,0.35,-0.75
20120426,0.75,-0.03,-0.03,-0.18,-0.25
20120427,0.35,0.7,-0.18,0.09,-0.17
20120430,-0.49,-0.63,0.09,-0.11,-0.15
20120501,0.48,-0.78,0.39,-0.04,0.03
20120502,-0.15,0.65,-0.59,0.38,0.28
20120503,-0.92,-0.64,0.11,0.41,0.34
20120504,-1.62,-0.19,0.13,0.2,0.17
20120507,0.04,0.13,0.49,-0.39,0.29
20120508,-0.41,0.35,0.36,0.1,0.27
20120509,-0.62,0.15,-0.24,0.08,-0.11
20120510,0.29,0.1,0.56,-0.08,0.53
20120511,-0.29,0.11,-0.94,-0.03,-0.07
20120514,-1.14,-0.14,-0.12,0.09,0.09
20120515,-0.52,0.51,-0.21,0.39,0.02
20120516,-0.44,-0.18,-0.44,0.67,0.25
20120517,-1.64,-0.52,0.43,0.07,-0.05
20120518,-0.8,-0.2,0.16,0.11,0.38
20120521,1.69,0.57,-1.18,-0.2,-0.65
20120522,0,-0.81,0.29,-0.06,0
20120523,0.26,0.49,-0.27,0,-0.09
20120524,0.16,0.03,0.2,0.32,0.56
20120525,-0.16,0.25,-0.1,0.17,0.14
20120529,1.14,0.18,-0.02,-0.31,-0.05
20120530,-1.47,-0.31,-0.25,0.58,-0.03
20120531,-0.23,0.18,0.56,-0.13,0.21
20120601,-2.6,-0.58,0.21,0.15,0.06
20120604,-0.05,0.07,-0.56,0.32,-0.41
20120605,0.68,0.29,0.07,-0.58,-0.06
20120606,2.32,0.13,0.22,-0.36,-0.13
20120607,-0.1,-0.46,0.13,0.05,0.26
20120608,0.85,0.23,0.01,-0.1,0.09
20120611,-1.4,-0.84,-0.05,0.42,0.32
20120612,1.16,0.14,0.09,-0.33,0
20120613,-0.77,-0.45,0.36,0.15,0.08
20120614,1.04,0.22,0.37,-0.09,0.38
20120615,1.07,0.11,-0.06,-0.21,-0.44
20120618,0.21,0.09,-0.85,0.18,-0.18
20120619,1.09,0.69,0.15,-0.35,-0.32
20120620,-0.14,-0.09,0.15,0.03,-0.04
20120621,-2.26,-0.1,0.12,0.01,0.66
20120622,0.79,0.64,0.07,-0.31,-0.11
20120625,-1.62,0.08,-0.14,0.44,0.2
20120626,0.52,-0.1,-0.06,-0.08,0.04
20120627,0.92,0.4,0.48,-0.54,0.01
20120628,-0.24,0.18,0.44,0.2,0.51
20120629,2.55,0.33,-0.7,-0.25,-0.61
20120702,0.33,0.7,-0.02,-0.25,0.2
20120703,0.76,0.72,0.07,0.13,-0.6
20120705,-0.36,0.45,-0.88,0.57,-0.28
20120706,-0.99,-0.38,0.36,0.12,0.65
20120709,-0.23,-0.25,-0.24,0.24,-0.01
20120710,-0.84,-0.39,0.31,-0.03,0.3
20120711,-0.08,-0.28,0.74,-0.18,0.09
20120712,-0.5,0.14,-0.82,-0.15,0.07
20120713,1.62,-0.28,0.57,-0.14,0.04
20120716,-0.31,-0.43,-0.26,0.02,0.01
20120717,0.67,-0.52,0.24,-0.08,0.18
20120718,0.71,0.23,-0.79,0.47,-0.7
20120719,0.27,-0.46,-0.98,0.51,-0.86
20120720,-1.06,-0.36,0.07,-0.02,0.34
20120723,-1.02,-0.66,0.2,0.09,0.37
20120724,-0.99,-0.57,0.26,-0.28,0.1
20120725,-0.01,0.24,-0.05,-0.45,0.05
20120726,1.53,-0.75,0.38,0.14,0.24
20120727,1.96,0.57,0.08,-0.16,-0.39
20120730,-0.13,-0.4,0.26,0.2,0.29
20120731,-0.47,0.03,0.26,0.42,-0.05
20120801,-0.5,-1.57,0.29,0.07,0.18
20120802,-0.69,0.17,-0.41,-0.04,0.07
20120803,1.99,0.63,0.56,-0.32,-0.19
20120806,0.34,0.54,0.08,-0.33,-0.18
20120807,0.64,0.4,0.07,0.1,-0.49
20120808,0.09,-0.19,0.59,0.19,0.42
20120809,0.12,0.34,0.12,-0.24,-0.4
20120810,0.17,-0.35,-0.02,0.13,0.07
20120813,-0.14,-0.17,0,-0.05,0.06
20120814,-0.03,-0.42,-0.05,0.29,0.25
20120815,0.27,0.73,-0.07,-0.08,-0.1
20120816,0.75,0.48,-0.17,0.03,-0.21
20120817,0.27,0.59,0.12,0.04,-0.12
20120820,-0.06,-0.44,0.59,-0.23,0.15
20120821,-0.31,0.16,0.4,-0.07,-0.07
20120822,0,-0.51,-0.35,-0.2,-0.32
20120823,-0.78,-0.06,-0.35,-0.16,0.1
20120824,0.61,-0.3,-0.03,-0.13,0.18
20120827,-0.06,0.12,-0.12,0.03,-0.16
20120828,0.01,0.57,-0.08,-0.02,-0.01
20120829,0.15,0.27,0.12,-0.16,0.13
20120830,-0.8,-0.44,0,0.01,0.24
20120831,0.52,-0.06,0,-0.07,-0.33
20120904,0.08,0.94,-0.16,-0.25,0.1
20120905,-0.05,-0.05,0.31,-0.14,0.04
20120906,2.07,-0.03,0.34,-0.13,0.09
20120907,0.45,0.12,0.78,0.07,0.05
20120910,-0.57,0.29,-0.07,0.13,0.37
20120911,0.28,0.09,0.54,-0.08,0.18
20120912,0.27,0.12,0.32,-0.41,0.02
20120913,1.56,-0.31,0.56,-0.33,0
20120914,0.54,0.6,0.48,-0.01,-0.4
20120917,-0.42,-0.3,-0.79,0.22,-0.19
20120918,-0.15,-0.05,-0.23,-0.08,0.05
20120919,0.18,-0.14,0.06,-0.14,0.29
20120920,-0.13,-0.43,-0.17,-0.01,0.12
20120921,0.04,0.46,-0.04,-0.18,0.15
20120924,-0.26,-0.15,0.33,-0.06,0.45
20120925,-1.11,-0.39,-0.36,0.01,0.39
20120926,-0.57,-0.04,0.03,0.12,0.14
20120927,0.99,0.23,-0.15,-0.06,-0.35
20120928,-0.46,-0.3,-0.25,0,0.02
20121001,0.26,0.1,0.23,-0.03,0.18
20121002,0.1,-0.16,0.27,-0.2,0.04
20121003,0.36,-0.68,-0.02,-0.35,0.37
20121004,0.76,-0.06,0.77,-0.14,0.21
20121005,-0.03,-0.19,0.22,-0.1,0.61
20121008,-0.36,-0.19,0.22,0,0.12
20121009,-1.05,-0.25,0.34,0.08,0.06
20121010,-0.58,0.37,0.26,-0.34,0.24
20121011,0.11,0.42,0.68,-0.17,0.07
20121012,-0.34,-0.41,-0.9,0.54,-0.2
20121015,0.79,-0.18,0.16,-0.2,0.24
20121016,1,-0.25,-0.24,0.24,-0.63
20121017,0.49,0.25,1.13,-0.64,0.36
20121018,-0.31,-0.49,0.27,-0.07,0.4
20121019,-1.68,-0.34,0.47,-0.13,0.43
20121022,0.01,-0.07,0.17,0.11,-0.16
20121023,-1.29,0.91,-0.51,-0.05,-0.01
20121024,-0.28,-0.18,0.43,-0.36,0.13
20121025,0.27,0.2,-0.08,0.09,-0.1
20121026,-0.07,-0.18,-0.4,0.36,-0.21
20121031,0.14,0.59,0.38,0.01,0.14
20121101,1.19,0.2,0.21,0.29,0.03
20121102,-1.04,-0.5,0.25,0.27,0.47
20121105,0.28,0.35,-0.23,-0.06,-0.25
20121106,0.8,0.03,0.56,0.23,0.17
20121107,-2.31,-0.23,-1.46,0.23,0.05
20121108,-1.24,-0.26,0.41,-0.32,0.4
20121109,0.15,0.01,-0.14,0.08,-0.06
20121112,0,-0.18,0.05,0.05,-0.03
20121113,-0.4,-0.23,-0.3,0.06,0.26
20121114,-1.4,-0.39,-0.24,0.14,-0.27
20121115,-0.24,-0.33,0.17,0.09,0.1
20121116,0.58,0.06,0.03,-0.4,0.25
20121119,1.98,0.27,0,0.48,-0.19
20121120,0.11,-0.05,0.14,-0.3,0.16
20121121,0.31,0.36,-0.06,0.01,0.09
20121123,1.28,-0.15,0.07,0.14,-0.04
20121126,-0.14,0.49,-0.17,-0.08,-0.3
20121127,-0.43,0.4,-0.21,-0.01,0.04
20121128,0.83,0,-0.27,0.24,-0.14
20121129,0.54,0.69,-0.03,-0.22,-0.19
20121130,0.02,-0.15,0.27,-0.19,0.32
20121203,-0.46,0.28,0.22,-0.01,0.02
20121204,-0.16,0.34,-0.06,-0.02,0.06
20121205,0.17,-0.57,0.99,-0.55,0.64
20121206,0.31,-0.19,-0.15,0.16,-0.18
20121207,0.27,-0.34,0.34,-0.08,0.42
20121210,0.11,0.43,0.02,-0.16,-0.01
20121211,0.68,0.41,-0.06,-0.3,-0.27
20121212,-0.02,-0.63,0.54,-0.3,0.17
20121213,-0.57,0.05,0.06,0.05,0.21
20121214,-0.34,0.33,0.26,-0.2,0.35
20121217,1.16,0,0.59,-0.36,0.06
20121218,1.2,0.4,0.07,0.15,-0.6
20121219,-0.6,0.61,0.24,-0.02,-0.25
20121220,0.53,-0.14,0.72,-0.43,0.24
20121221,-0.88,0.41,-0.34,0.19,-0.13
20121224,-0.24,-0.22,0,-0.1,0.16
20121226,-0.54,-0.11,0.34,-0.15,0.15
20121227,-0.11,-0.03,-0.17,0.17,-0.03
20121228,-1,0.46,0.01,-0.11,0.13
20121231,1.71,0.4,-0.07,0.15,-0.28
20130102,2.62,0.12,0.35,-0.62,-0.04
20130103,-0.14,0.14,0.05,0.17,0.22
20130104,0.55,0.19,0.43,-0.38,0.27
20130107,-0.31,-0.08,-0.36,-0.1,-0.12
20130108,-0.27,0.03,-0.06,-0.16,0.09
20130109,0.34,0.24,-0.41,-0.01,-0.15
20130110,0.66,-0.59,0.51,-0.18,0.04
20130111,0.02,0.04,-0.45,0.26,-0.21
20130114,-0.06,0.03,-0.09,-0.08,0.37
20130115,0.19,0.28,0.01,-0.08,0.07
20130116,-0.04,-0.23,0.23,-0.02,-0.03
20130117,0.61,0.39,-0.09,0.19,-0.01
20130118,0.29,0.03,-0.11,0.17,0.27
20130122,0.48,0.22,0.46,-0.18,0.11
20130123,0.1,-0.33,-0.12,-0.15,-0.15
20130124,0.09,0.34,0.05,0.08,0.53
20130125,0.59,-0.04,-0.28,0,-0.16
20130128,-0.14,0.35,0.12,-0.05,-0.04
20130129,0.36,-0.44,0.36,-0.11,0.3
20130130,-0.38,-0.89,0.12,-0.1,-0.01
20130131,-0.08,0.72,0.19,-0.25,0.1
20130201,0.99,0.08,0.26,-0.27,-0.06
20130204,-1.19,-0.1,-0.16,-0.02,0.02
20130205,1.07,-0.05,0.18,0,-0.1
20130206,0.15,0.3,0.13,-0.16,0.04
20130207,-0.15,-0.08,0.02,0.18,-0.04
20130208,0.58,0.03,-0.21,0.12,-0.45
20130211,-0.08,-0.03,0.39,-0.18,0.28
20130212,0.16,0.26,0.71,-0.55,0.45
20130213,0.14,0.08,-0.01,-0.01,-0.04
20130214,0.11,0.32,0.12,-0.3,-0.21
20130215,-0.11,0.01,-0.09,-0.06,0.13
20130219,0.74,0.25,0.18,-0.08,0.35
20130220,-1.36,-0.61,-0.64,0.25,0.11
20130221,-0.66,-0.31,-0.06,0.06,0.26
20130222,0.94,0.17,-0.06,-0.1,-0.14
20130225,-1.82,-0.26,-0.72,0.59,-0.39
20130226,0.58,-0.19,0.02,-0.01,0.22
20130227,1.29,-0.32,0.16,-0.2,0.03
20130228,-0.05,0.11,-0.16,0.04,0
20130301,0.22,0.11,-0.33,-0.11,0
20130304,0.47,-0.41,0.1,-0.39,0.44
20130305,1,0.19,-0.17,0.04,0
20130306,0.18,0.14,0.48,-0.27,0.13
20130307,0.27,0.22,0.42,-0.17,-0.02
20130308,0.52,0.39,-0.16,0,0.03
20130311,0.3,-0.29,0.23,0.01,0.03
20130312,-0.22,0.04,-0.13,0.27,0.08
20130313,0.2,0.22,0.06,0.09,0.26
20130314,0.58,0.41,0.39,-0.02,-0.01
20130315,-0.19,0.12,0.42,0.2,0.01
20130318,-0.5,0.09,-0.23,0.34,-0.03
20130319,-0.24,-0.05,0.04,0.14,0.37
20130320,0.76,0.22,0.01,-0.26,0.21
20130321,-0.85,0.13,-0.28,-0.01,0.07
20130322,0.62,-0.52,-0.3,0.12,-0.15
20130325,-0.29,0.3,0.02,0.07,-0.03
20130326,0.76,-0.39,-0.22,0.06,-0.04
20130327,-0.02,0.11,-0.3,0.1,-0.1
20130328,0.39,-0.3,-0.3,-0.16,0.09
20130401,-0.57,-0.91,0.02,0.14,0.26
20130402,0.33,-0.9,-0.33,-0.06,0.03
20130403,-1.16,-0.42,-0.2,0.53,-0.12
20130404,0.42,0.25,0.25,-0.08,0.27
20130405,-0.41,0.09,0.35,-0.13,0.24
20130408,0.7,0.11,0.29,-0.34,0.12
20130409,0.31,-0.41,0.2,-0.02,-0.39
20130410,1.28,0.62,-0.1,-0.03,-0.07
20130411,0.35,-0.17,-0.14,0.12,0.48
20130412,-0.28,-0.18,-0.46,-0.03,0.07
20130415,-2.48,-1.49,-0.28,0,-0.05
20130416,1.47,0.15,0.07,-0.32,-0.06
20130417,-1.46,-0.35,-0.55,0.14,0.28
20130418,-0.71,0.18,0.02,0.41,0.1
20130419,0.97,0.03,0.13,-0.41,0.19
20130422,0.45,-0.19,-0.14,0.25,-0.29
20130423,1.11,0.53,0.63,-0.49,0.25
20130424,0.06,0.51,1.21,0,-0.24
20130425,0.49,0.23,0.01,-0.07,-0.08
20130426,-0.2,-0.35,-0.22,0.1,0.09
20130429,0.67,0.1,-0.07,0.23,-0.32
20130430,0.29,0.36,-0.05,0.18,-0.29
20130501,-1.08,-1.46,-0.27,-0.07,-0.1
20130502,1.04,0.55,0.13,-0.41,-0.25
20130503,1.12,0.6,0.16,-0.15,-0.27
20130506,0.23,0.28,0.84,-0.49,0.06
20130507,0.54,0.19,0.13,0.24,0.29
20130508,0.44,-0.18,0.13,-0.04,-0.15
20130509,-0.31,0.07,-0.3,0.06,-0.17
20130510,0.54,0.41,-0.19,-0.3,-0.02
20130513,-0.02,-0.26,-0.04,-0.41,0.07
20130514,1.1,0.17,0.31,-0.22,0.16
20130515,0.51,-0.11,0.28,-0.05,0.31
20130516,-0.5,0.16,-0.28,0.12,-0.35
20130517,1.04,0.09,0.39,0.08,-0.16
20130520,-0.06,0.43,0.5,0.25,-0.21
20130521,0.16,-0.08,-0.08,0.18,0.21
20130522,-0.92,-0.73,-0.17,0.2,0.34
20130523,-0.19,0.49,-0.08,0.03,0.08
20130524,-0.06,0.15,0.06,-0.04,0
20130528,0.77,0.68,0.21,-0.12,-0.18
20130529,-0.7,-0.25,0.58,-0.24,-0.29
20130530,0.5,0.37,0.49,-0.45,0
20130531,-1.31,0.48,-0.25,0.17,-0.13
20130603,0.48,0.16,-0.1,0.24,-0.06
20130604,-0.55,-0.26,-0.17,0.36,-0.03
20130605,-1.38,0.03,-0.26,0.11,-0.16
20130606,0.89,0.18,0.26,-0.51,0.35
20130607,1.3,-0.44,0.07,-0.25,-0.07
20130610,0.07,0.66,0.22,-0.21,-0.11
20130611,-1.04,-0.03,-0.58,0.39,0.01
20130612,-0.82,0.04,0.02,0.13,0.15
20130613,1.47,0.14,0.31,-0.16,0.27
20130614,-0.59,-0.28,-0.54,0.19,-0.03
20130617,0.74,-0.09,0.02,-0.24,-0.38
20130618,0.8,0.37,-0.05,0,0.03
20130619,-1.28,0.21,0.11,-0.02,-0.29
20130620,-2.45,0.02,0.34,0.08,-0.12
20130621,0.13,0.19,-0.09,-0.19,0.11
20130624,-1.19,0.01,-0.66,0.23,-0.14
20130625,0.96,0.07,0.87,-0.29,0.3
20130626,0.92,-0.72,-0.13,0.01,0.19
20130627,0.77,0.86,0.36,-0.43,0.23
20130628,-0.33,0.3,-0.14,0.19,-0.32
20130701,0.71,0.73,-0.14,-0.33,0
20130702,-0.1,0.03,0.09,0.1,-0.09
20130703,0.11,0.17,-0.21,0.18,-0.06
20130705,1.11,0.42,0.45,-0.33,0.14
20130708,0.53,-0.15,0.05,0.16,0.11
20130709,0.74,0.05,0.26,-0.01,0.03
20130710,0.06,0.29,-0.41,-0.09,-0.1
20130711,1.32,-0.19,-0.62,-0.14,-0.16
20130712,0.33,-0.03,0.2,-0.67,0.05
20130715,0.2,0.55,0.34,-0.03,0.08
20130716,-0.41,0.03,0.09,0.14,0.27
20130717,0.3,-0.04,0.18,-0.45,0.04
20130718,0.54,0.14,0.96,-0.2,0.21
20130719,0.09,-0.1,0.28,-0.33,0.48
20130722,0.22,0.11,0.29,-0.13,0.08
20130723,-0.15,0.1,0.28,-0.02,0.29
20130724,-0.39,-0.29,-0.26,0.64,-0.08
20130725,0.42,0.48,-0.35,-0.47,-0.27
20130726,0.02,-0.65,-0.21,0.15,-0.19
20130729,-0.37,-0.33,-0.28,0.3,-0.16
20130730,0.12,0.16,-0.51,0.13,-0.08
20130731,0.09,0.2,0.09,-0.01,-0.05
20130801,1.4,0.09,0.05,-0.22,-0.17
20130802,0.2,-0.24,-0.33,-0.01,-0.06
20130805,-0.07,0.49,-0.17,-0.05,-0.08
20130806,-0.68,-0.35,-0.1,0.34,-0.05
20130807,-0.42,-0.35,0.02,0.29,0.06
20130808,0.47,-0.01,-0.01,-0.03,0.15
20130809,-0.29,0.13,-0.2,0.14,-0.18
20130812,-0.02,0.56,-0.22,0.15,-0.08
20130813,0.2,-0.28,-0.05,0.07,-0.11
20130814,-0.5,0.14,0.28,-0.05,0.02
20130815,-1.47,-0.37,0.29,-0.05,0.03
20130816,-0.26,0.05,0.09,-0.15,-0.13
20130819,-0.62,-0.26,-0.75,0.61,-0.33
20130820,0.53,0.86,0.13,-0.35,0.09
20130821,-0.59,-0.07,-0.46,-0.08,-0.31
20130822,0.93,0.5,0.05,-0.33,-0.19
20130823,0.38,-0.27,-0.14,0.1,-0.25
20130826,-0.29,0.47,-0.5,-0.12,-0.25
20130827,-1.75,-0.75,-0.32,0.69,0.04
20130828,0.3,0.12,0.08,-0.04,-0.09
20130829,0.34,0.73,-0.41,-0.39,-0.25
20130830,-0.47,-1.14,-0.21,0.02,-0.1
20130903,0.46,0.06,0.1,-0.48,-0.23
20130904,0.83,-0.01,-0.15,-0.12,0.09
20130905,0.19,0.2,0.37,-0.19,-0.08
20130906,0.01,0,0,-0.18,-0.09
20130909,1.09,0.42,-0.22,-0.2,-0.14
20130910,0.8,0.06,0.21,-0.16,0.04
20130911,0.28,-0.24,0.01,0.25,0.15
20130912,-0.32,-0.28,-0.34,0.13,-0.15
20130913,0.29,0.26,-0.01,0.18,0.24
20130916,0.49,-0.39,0.4,-0.02,0.39
20130917,0.54,0.42,-0.13,-0.34,-0.22
20130918,1.1,-0.24,-0.45,-0.02,-0.18
20130919,-0.13,0.09,-0.6,0.1,-0.29
20130920,-0.63,0.51,0.18,-0.07,-0.17
20130923,-0.45,0.42,-0.37,0.61,-0.23
20130924,-0.12,0.5,0.01,-0.15,0
20130925,-0.23,0.11,0.58,-0.41,0.03
20130926,0.42,0.15,-0.73,0.16,-0.32
20130927,-0.39,-0.01,-0.06,0.07,-0.12
20130930,-0.49,0.51,0.06,0.16,0.04
20131001,0.9,0.37,-0.13,-0.13,-0.22
20131002,-0.1,-0.34,-0.08,-0.1,-0.08
20131003,-0.88,-0.17,0.2,0.06,0.23
20131004,0.74,0,0.1,-0.27,-0.14
20131007,-0.95,-0.29,0,0.11,0.19
20131008,-1.35,-0.4,0.76,0.64,0.55
20131009,-0.05,-0.35,0.62,0.43,0.34
20131010,2.23,0.19,-0.02,-0.34,-0.28
20131011,0.71,0.77,0,0.1,-0.1
20131014,0.44,0.21,-0.11,0.08,-0.15
20131015,-0.73,-0.17,0.01,0.29,-0.14
20131016,1.37,-0.3,0.14,-0.55,-0.1
20131017,0.7,0.12,0.04,-0.16,0.07
20131018,0.73,0.27,-0.05,-0.09,-0.49
20131021,-0.02,-0.13,0.05,0.29,0.02
20131022,0.5,-0.28,0.09,0.24,0.35
20131023,-0.51,0.15,-0.33,0.55,0.21
20131024,0.42,0.35,-0.3,-0.04,-0.16
20131025,0.33,-0.33,0.14,0.16,0.04
20131028,0.09,-0.07,0.02,0.37,0.17
20131029,0.54,-0.14,-0.11,0.08,0.29
20131030,-0.61,-0.75,0.49,0.47,0.05
20131031,-0.34,-0.11,-0.43,0.34,0.15
20131101,0.2,-0.65,0.22,0.18,0.29
20131104,0.47,0.75,-0.03,0.08,-0.04
20131105,-0.23,-0.01,-0.25,0.23,-0.11
20131106,0.27,-0.81,0.38,0.27,0.18
20131107,-1.46,-0.33,0.19,0.13,0.32
20131108,1.45,0.6,0.41,-0.52,-0.07
20131111,0.12,0.05,-0.13,0,-0.03
20131112,-0.19,0.33,-0.7,0.54,0.13
20131113,0.9,0.06,-0.12,-0.39,-0.21
20131114,0.43,-0.57,0.31,-0.09,0.03
20131115,0.43,0.06,-0.27,0.03,-0.05
20131118,-0.5,-0.38,0.45,0.44,0.29
20131119,-0.27,-0.29,0.26,0.04,0
20131120,-0.33,0.26,0.03,-0.01,-0.03
20131121,0.97,0.82,-0.06,-0.48,-0.3
20131122,0.5,-0.09,0.11,-0.09,-0.04
20131125,-0.11,0.16,0.14,0,0.25
20131126,0.18,0.8,-0.48,-0.34,-0.39
20131127,0.3,0.33,-0.06,0.07,0.01
20131129,-0.02,0.26,-0.17,-0.01,-0.18
20131202,-0.31,-0.93,0.16,-0.03,0.01
20131203,-0.34,-0.13,-0.09,0.17,-0.03
20131204,-0.07,-0.21,0.26,-0.37,-0.14
20131205,-0.35,0.6,-0.63,0.04,-0.44
20131206,1.02,-0.28,0.2,-0.02,0.46
20131209,0.17,-0.42,0,-0.03,0.04
20131210,-0.34,-0.53,0.2,-0.03,-0.05
20131211,-1.16,-0.35,0.05,0.56,0.11
20131212,-0.23,0.38,0.25,-0.3,-0.06
20131213,0.1,0.22,-0.01,-0.3,0.19
20131216,0.67,0.58,-0.14,0.13,-0.04
20131217,-0.26,0.14,-0.16,-0.16,-0.14
20131218,1.55,-0.42,0.04,-0.03,0.31
20131219,-0.1,-0.5,0.16,-0.07,0.1
20131220,0.69,1.25,-0.3,-0.23,-0.42
20131223,0.62,0.49,-0.05,-0.22,-0.15
20131224,0.34,0.11,0.11,-0.04,0.16
20131226,0.44,-0.33,-0.31,0.2,0.07
20131227,-0.05,-0.03,0.23,0.09,0.24
20131230,0,0.03,-0.3,0.14,0.08
20131231,0.44,-0.16,0.04,-0.03,-0.21
20140102,-0.88,-0.24,0.11,-0.33,0.11
20140103,0.03,0.41,0.04,-0.32,0.14
20140106,-0.34,-0.55,0.26,-0.35,0.06
20140107,0.68,0.33,-0.41,-0.07,-0.29
20140108,0.04,0.01,-0.12,-0.54,-0.04
20140109,0.02,0.16,-0.38,-0.51,-0.41
20140110,0.27,0.45,-0.77,-0.31,-0.31
20140113,-1.32,-0.1,0.1,-0.1,0.47
20140114,1.15,0.14,-0.38,-0.07,-0.36
20140115,0.53,0.22,0.2,-0.38,-0.01
20140116,-0.07,0.24,-0.68,0,-0.27
20140117,-0.39,0.02,0.04,-0.2,0.02
20140121,0.3,0.43,-0.01,-0.22,-0.35
20140122,0.15,0.28,0.21,-0.19,-0.17
20140123,-0.86,0.09,-0.5,0.17,-0.08
20140124,-2.19,-0.39,0.22,0.26,0.06
20140127,-0.65,-0.8,0.46,0.4,0.4
20140128,0.73,0.18,-0.02,-0.82,0.16
20140129,-1.07,-0.35,0.25,0.14,0.15
20140130,1.22,0.23,-0.42,-0.93,-0.54
20140131,-0.66,-0.1,-0.39,0.19,-0.19
20140203,-2.48,-0.87,0.32,0.19,0.03
20140204,0.77,-0.07,-0.1,-0.12,0.22
20140205,-0.23,-0.57,0.2,0.16,0.22
20140206,1.21,-0.43,0.23,0.09,-0.07
20140207,1.33,-0.23,-0.67,-0.46,-0.51
20140210,0.16,0.07,-0.44,-0.27,-0.18
20140211,1.09,-0.18,0.24,-0.03,0.1
20140212,0.11,0.24,-0.08,0.12,0.01
20140213,0.72,0.67,-0.09,-0.21,-0.34
20140214,0.42,-0.32,0.38,0.36,0.38
20140218,0.27,0.95,-0.24,-0.35,-0.27
20140219,-0.74,-0.31,-0.39,0.34,0.04
20140220,0.7,0.51,-0.14,-0.06,-0.17
20140221,-0.09,0.36,-0.04,0.01,-0.06
20140224,0.65,0.21,0.26,-0.17,-0.01
20140225,-0.1,0.05,-0.61,-0.05,0.08
20140226,0.12,0.65,-0.09,-0.03,0.03
20140227,0.54,0.11,0.01,-0.26,-0.02
20140228,0.15,-0.66,0.83,0.45,0.09
20140303,-0.7,0.08,0.15,0.03,0.12
20140304,1.67,1.08,-0.12,-0.44,-0.14
20140305,0.01,-0.22,0.28,-0.57,-0.15
20140306,0.16,-0.24,0.75,0.32,0.35
20140307,0.04,-0.01,0.52,0.15,0.32
20140310,-0.09,-0.08,0.06,0.05,-0.13
20140311,-0.62,-0.55,-0.19,0.5,-0.05
20140312,0.13,0.29,-0.17,-0.09,-0.42
20140313,-1.21,-0.07,0.27,0.16,0.04
20140314,-0.16,0.68,-0.05,0.18,0.07
20140317,0.9,-0.35,-0.01,0.14,0.03
20140318,0.82,0.69,-0.42,-0.33,-0.27
20140319,-0.59,-0.13,0.6,-0.36,0.03
20140320,0.52,-0.36,0.99,-0.12,0.32
20140321,-0.37,-0.17,0.88,0.49,0.46
20140324,-0.64,-0.79,0.97,0.61,0.36
20140325,0.3,-0.33,0.14,0.27,0.14
20140326,-0.89,-1.12,0.3,0.72,0.46
20140327,-0.19,-0.13,-0.24,0.04,0.02
20140328,0.41,-0.37,0.52,0.59,0.31
20140331,0.97,0.98,-0.16,-0.19,0.02
20140401,0.87,0.65,-0.41,-0.13,-0.27
20140402,0.29,0.04,0.12,0.1,0.04
20140403,-0.31,-0.78,0.79,0.53,0.4
20140404,-1.47,-1.03,0.74,0.64,0.48
20140407,-1.26,-0.35,-0.02,0.24,0.06
20140408,0.5,0.28,-0.22,0.01,-0.12
20140409,1.2,0.24,-0.93,-0.44,-0.53
20140410,-2.24,-0.62,0.86,0.84,0.76
20140411,-1.07,-0.4,0.29,0.43,0.04
20140414,0.7,-0.48,0.21,0.34,-0.17
20140415,0.59,-0.36,0.17,-0.09,-0.15
20140416,1.13,-0.01,-0.44,-0.06,-0.1
20140417,0.23,0.31,0.24,-0.2,0.17
20140421,0.36,0.17,-0.43,0.06,-0.07
20140422,0.58,0.69,-0.37,-0.71,-0.08
20140423,-0.31,-0.54,0.89,0.23,0.24
20140424,0.08,-0.42,-0.17,0.22,-0.2
20140425,-1.05,-0.88,0.62,0.83,0.66
20140428,0.11,-0.66,-0.54,1.16,0.02
20140429,0.56,-0.25,-0.22,-0.57,-0.19
20140430,0.35,0.22,-0.04,0.09,0.05
20140501,0.04,-0.17,-0.18,-0.47,-0.2
20140502,-0.07,0.28,0.33,0.34,0.16
20140505,0.13,-0.38,-0.52,0.13,-0.27
20140506,-1.03,-0.5,0.16,0.85,0.13
20140507,0.45,-0.76,1.18,0.04,0.56
20140508,-0.26,-0.97,0.34,0.12,0.26
20140509,0.25,0.63,-0.39,-0.1,-0.07
20140512,1.2,1.36,-0.3,-0.47,-0.32
20140513,-0.05,-1.04,0.18,-0.03,0
20140514,-0.6,-1.12,-0.43,0.16,-0.22
20140515,-0.9,0.33,-0.27,0.21,-0.06
20140516,0.36,0.22,-0.4,0.23,-0.16
20140519,0.5,0.64,0,-0.32,-0.07
20140520,-0.78,-0.78,0.23,0.14,-0.11
20140521,0.81,-0.27,0.05,0.02,-0.15
20140522,0.36,0.61,-0.27,-0.54,-0.21
20140523,0.49,0.59,-0.24,-0.09,-0.04
20140527,0.69,0.67,-0.19,-0.53,-0.3
20140528,-0.11,-0.28,0.27,0.07,0.14
20140529,0.54,-0.22,-0.12,-0.03,-0.22
20140530,0.06,-0.64,0.28,0.34,0.1
20140602,0.06,-0.65,0.4,0.16,0.18
20140603,-0.05,-0.24,0.18,0.09,-0.16
20140604,0.28,0.23,-0.09,-0.22,-0.18
20140605,0.77,1.28,-0.18,-0.18,-0.1
20140606,0.54,0.49,0,-0.15,-0.09
20140609,0.22,1,-0.31,-0.37,-0.05
20140610,-0.03,-0.19,-0.04,-0.35,0.08
20140611,-0.34,-0.17,-0.28,-0.13,-0.16
20140612,-0.68,0.11,0.17,-0.23,-0.03
20140613,0.31,-0.06,-0.19,0.07,-0.13
20140616,0.13,0.41,-0.67,-0.07,-0.3
20140617,0.34,0.57,0.45,-0.53,0.06
20140618,0.75,-0.25,-0.09,0.07,-0.19
20140619,0.12,-0.15,-0.04,0.16,-0.09
20140620,0.18,0.21,0.04,0.02,0.01
20140623,-0.01,-0.22,0.08,-0.07,-0.17
20140624,-0.72,-0.37,-0.21,0.01,0.02
20140625,0.53,0.34,0.07,-0.16,-0.22
20140626,-0.11,-0.07,0.05,0.08,-0.06
20140627,0.26,0.48,-0.22,0.1,-0.13
20140630,0.07,0.26,0.19,-0.26,-0.15
20140701,0.74,0.43,-0.37,0.08,-0.11
20140702,-0.03,-0.46,-0.21,0.07,0.22
20140703,0.59,0.21,0.08,0.03,0.22
20140707,-0.62,-1.2,0.38,0.74,0.28
20140708,-0.82,-0.56,0.71,0.83,0.47
20140709,0.46,-0.4,-0.11,-0.03,-0.09
20140710,-0.49,-0.59,0.02,0.07,0.08
20140711,0.12,-0.3,-0.39,-0.38,-0.16
20140714,0.46,-0.01,-0.13,0.02,-0.16
20140715,-0.32,-0.82,0.98,0.2,0.37
20140716,0.32,-0.59,0.32,0.2,0.19
20140717,-1.21,-0.35,0.18,0.39,0.18
20140718,1.12,0.44,-0.47,-0.24,-0.33
20140721,-0.25,-0.23,0.05,-0.33,-0.29
20140722,0.53,0.27,-0.32,0.2,-0.18
20140723,0.19,0.1,-0.74,-0.24,0
20140724,0.05,-0.27,0.04,-0.2,-0.03
20140725,-0.53,-0.36,0.16,-0.03,0.04
20140728,-0.08,-0.45,0.28,0.04,0
20140729,-0.33,0.63,-0.67,-0.17,-0.14
20140730,0.12,0.35,-0.29,-0.66,-0.33
20140731,-2.03,-0.17,0.46,0.37,0.29
20140801,-0.32,-0.25,-0.07,0.09,0.14
20140804,0.74,0.04,-0.22,-0.09,-0.43
20140805,-0.84,0.71,-0.19,-0.11,0.02
20140806,0.02,0.38,0.18,-0.05,0.26
20140807,-0.52,-0.05,-0.14,-0.01,-0.03
20140808,1.12,-0.15,-0.18,0.35,0.15
20140811,0.4,0.56,-0.29,-0.18,-0.28
20140812,-0.23,-0.58,0.25,0.06,0.02
20140813,0.69,-0.14,-0.24,-0.38,-0.21
20140814,0.44,-0.26,0.04,-0.21,0
20140815,0,-0.15,-0.15,0.18,-0.22
20140818,0.93,0.59,-0.19,0.03,0.02
20140819,0.49,-0.12,-0.1,0.25,-0.12
20140820,0.19,-0.64,0.27,-0.01,0.28
20140821,0.28,-0.07,0.82,-0.1,0.25
20140822,-0.1,0.27,-0.39,-0.06,-0.18
20140825,0.5,-0.21,0.04,-0.03,-0.1
20140826,0.19,0.67,-0.33,-0.37,-0.17
20140827,0,-0.22,0.15,0.13,0.1
20140828,-0.19,-0.39,0.09,0.2,0.01
20140829,0.39,0.28,0.09,-0.31,-0.17
20140902,0.06,0.42,-0.09,-0.08,-0.24
20140903,-0.14,-0.5,0.23,0.04,0.42
20140904,-0.17,-0.16,-0.15,0.16,0.01
20140905,0.45,-0.28,-0.06,0.13,0
20140908,-0.22,0.47,-0.44,-0.4,-0.25
20140909,-0.72,-0.43,-0.02,0.28,0.14
20140910,0.45,0.15,-0.39,-0.27,-0.19
20140911,0.19,0.49,0.2,-0.25,0.01
20140912,-0.55,-0.2,0.14,-0.08,0.12
20140915,-0.28,-0.93,0.66,0.47,0.71
20140916,0.7,-0.39,-0.13,0.15,-0.17
20140917,0.17,0.08,-0.2,-0.25,-0.19
20140918,0.5,0,0.03,-0.13,-0.04
20140919,-0.18,-0.96,0.05,0.21,-0.04
20140922,-0.97,-0.54,0.13,0.45,0.21
20140923,-0.62,-0.32,-0.05,-0.03,-0.26
20140924,0.81,0.04,-0.92,0.09,-0.44
20140925,-1.62,0.13,0.15,0.31,0.26
20140926,0.85,-0.06,-0.27,0.07,-0.49
20140929,-0.22,0.19,-0.44,0.16,-0.27
20140930,-0.4,-1.01,0.14,0.05,-0.01
20141001,-1.39,-0.13,0.33,0.21,-0.05
20141002,0.15,0.97,-0.38,-0.3,-0.29
20141003,1.08,-0.39,-0.41,-0.11,-0.11
20141006,-0.26,-0.77,0.39,0.32,0.17
20141007,-1.56,-0.12,0.12,0.28,0.05
20141008,1.7,-0.01,-0.06,-0.02,-0.05
20141009,-2.17,-0.46,-0.4,0.4,-0.12
20141010,-1.3,-0.08,0.56,0.77,0.36
20141013,-1.59,1.3,0.5,-0.29,0.22
20141014,0.28,0.82,-0.12,0,0.08
20141015,-0.53,1.64,-1.31,-0.5,-0.6
20141016,0.23,1.07,0.17,-0.4,0.11
20141017,1.14,-1.55,-0.1,-0.02,0.28
20141020,0.94,0.13,-0.33,0.09,-0.33
20141021,1.98,-0.4,0.02,0.04,-0.13
20141022,-0.85,-0.55,0.21,0.12,0.19
20141023,1.29,0.45,-0.46,-0.33,-0.05
20141024,0.66,-0.49,-0.11,-0.34,0.11
20141027,-0.17,0.07,-0.26,0.13,-0.02
20141028,1.37,1.56,-0.02,-0.4,-0.19
20141029,-0.18,0.04,0.44,0.23,0.31
20141030,0.6,0.21,-0.47,-0.43,0.09
20141031,1.23,0.32,0.19,0.18,-0.01
20141103,-0.01,-0.31,-0.06,0,0.14
20141104,-0.35,-0.05,-0.11,0.14,0.04
20141105,0.48,-0.42,0.86,0.31,0.78
20141106,0.49,0.06,-0.48,0.1,-0.28
20141107,0.09,0.03,0.44,-0.2,0.05
20141110,0.33,0.15,-0.5,-0.26,-0.42
20141111,0.1,0,-0.29,0.11,-0.26
20141112,0.07,0.72,-0.28,0.15,0.07
20141113,-0.03,-0.9,-0.33,0.52,0.02
20141114,0.06,-0.13,0.14,0,-0.11
20141117,-0.05,-0.95,0.27,0.02,0.25
20141118,0.51,-0.01,-0.36,-0.15,-0.02
20141119,-0.21,-0.87,-0.06,0.37,0.09
20141120,0.31,0.86,-0.02,-0.07,-0.03
20141121,0.48,-0.36,-0.08,-0.08,0.04
20141124,0.4,0.91,-0.57,-0.21,-0.07
20141125,-0.08,0.05,-0.04,0.08,0.16
20141126,0.3,0.03,-0.46,-0.2,-0.2
20141128,-0.35,-1.02,-1.02,0.63,-0.03
20141201,-0.9,-0.87,0.61,0.14,0.51
20141202,0.65,0.46,0.05,-0.47,0.03
20141203,0.46,0.46,0.3,-0.15,0.04
20141204,-0.17,-0.36,0.08,0.08,-0.18
20141205,0.25,0.57,0.25,-0.63,0.16
20141208,-0.82,-0.57,0.27,0.01,0.08
20141209,0.13,1.67,-0.29,-0.45,-0.34
20141210,-1.72,-0.62,-0.1,0.13,0.16
20141211,0.49,-0.06,-0.2,0.19,0.02
20141212,-1.55,0.45,-0.58,0.23,-0.29
20141215,-0.68,-0.24,0.11,0.67,0.16
20141216,-0.8,0.7,0.6,-0.12,0.45
20141217,2.15,0.9,-0.1,-0.45,-0.42
20141218,2.36,-0.91,-0.21,-0.42,-0.23
20141219,0.43,-0.21,0.19,-0.5,0.01
20141222,0.37,0.19,-0.04,0.18,0.08
20141223,0.21,-0.12,1.06,0.58,0.62
20141224,0.07,0.34,-0.17,-0.12,-0.07
20141226,0.39,0.34,-0.32,-0.08,-0.18
20141229,0.13,0.21,0.57,0.18,0.17
20141230,-0.48,0.07,0.35,-0.08,0.3
20141231,-0.93,0.47,-0.39,-0.13,-0.22
20150102,-0.11,-0.56,0.09,-0.25,0.1
20150105,-1.84,0.26,-0.63,0.18,-0.13
20150106,-1.04,-0.78,-0.26,0.56,0.04
20150107,1.19,0.16,-0.65,0.22,-0.14
20150108,1.81,-0.09,-0.27,0.09,-0.2
20150109,-0.85,-0.02,-0.5,-0.11,-0.18
20150112,-0.79,0.34,-0.37,0.16,0.2
20150113,-0.19,0.25,0.03,0.47,0.03
20150114,-0.6,0.27,-0.5,0.2,-0.14
20150115,-1.08,-0.94,0.63,0.69,0.59
20150116,1.36,0.5,-0.14,-0.31,-0.1
20150120,0.11,-0.75,-0.55,0,-0.53
20150121,0.42,-0.92,0.55,0.19,-0.01
20150122,1.58,0.46,0.41,0.03,-0.12
20150123,-0.47,0.44,-0.82,-0.06,-0.59
20150126,0.42,0.57,-0.05,-0.44,-0.09
20150127,-1.21,0.75,0.23,-0.38,0.5
20150128,-1.39,-0.18,-0.77,0.54,-0.18
20150129,0.98,0.2,0,0.07,-0.33
20150130,-1.3,-0.82,0.03,-0.11,-0.45
20150202,1.25,-0.39,1,0.05,0.18
20150203,1.49,0.25,0.51,0.08,0.44
20150204,-0.35,-0.1,-0.21,0.29,-0.14
20150205,1.1,0.44,-0.16,-0.49,-0.2
20150206,-0.2,0.07,0.38,-0.2,-0.09
20150209,-0.46,-0.37,0.09,0,0
20150210,1.04,-0.36,-0.7,0.09,-0.43
20150211,0.03,-0.18,-0.33,0.1,-0.08
20150212,1,0.17,-0.09,-0.15,-0.15
20150213,0.47,0.15,-0.29,-0.32,-0.22
20150217,0.17,-0.01,0,-0.18,-0.16
20150218,0.03,0.24,-0.81,0.29,-0.16
20150219,-0.01,0.21,-0.35,-0.05,-0.38
20150220,0.61,-0.43,-0.26,-0.08,-0.09
20150223,-0.08,0.04,-0.38,0.38,-0.21
20150224,0.32,-0.01,0.69,-0.22,0.35
20150225,0.02,0.19,-0.51,-0.55,-0.22
20150226,-0.08,0.52,-0.49,-0.17,-0.35
20150227,-0.36,-0.22,0.22,0.05,0.32
20150302,0.62,0.2,-0.43,0.04,0.08
20150303,-0.43,-0.3,0.3,-0.07,0
20150304,-0.41,0.1,-0.4,-0.02,-0.26
20150305,0.15,0.21,-0.43,-0.53,-0.17
20150306,-1.29,0.29,0.43,-0.11,0
20150309,0.37,0.09,-0.02,0.25,-0.03
20150310,-1.63,0.43,-0.47,0.08,-0.13
20150311,-0.04,0.62,0.52,-0.47,-0.04
20150312,1.28,0.4,0.5,-0.06,0.22
20150313,-0.57,0.19,-0.03,-0.11,-0.13
20150316,1.23,-0.78,-0.42,-0.1,-0.14
20150317,-0.2,0.52,-0.02,-0.01,-0.31
20150318,1.08,-0.49,0,0.17,-0.02
20150319,-0.36,0.79,-1.1,0.11,-0.42
20150320,0.81,-0.1,0.54,0.45,0.25
20150323,-0.19,0.2,0.23,0.18,0.31
20150324,-0.51,0.52,-0.28,0.09,-0.2
20150325,-1.56,-0.89,1.04,0.35,0.52
20150326,-0.22,0.1,-0.06,0.06,-0.23
20150327,0.32,0.43,-0.7,-0.16,-0.12
20150330,1.24,0.06,-0.04,-0.27,0.01
20150331,-0.75,0.45,0.37,0.17,0.25
20150401,-0.38,0.34,0.42,-0.15,0.25
20150402,0.35,-0.1,0.31,-0.11,0.24
20150406,0.61,-0.28,-0.15,0.22,-0.21
20150407,-0.22,-0.19,-0.16,-0.18,-0.23
20150408,0.37,0.47,-0.72,-0.08,-0.28
20150409,0.41,-0.71,-0.06,-0.26,0.15
20150410,0.49,-0.15,-0.28,-0.48,0.2
20150413,-0.38,0.55,0.23,-0.15,-0.13
20150414,0.11,-0.13,0.19,0.1,0.09
20150415,0.57,0.28,0.32,-0.2,-0.06
20150416,-0.08,-0.11,-0.2,-0.17,-0.21
20150417,-1.23,-0.43,0.23,0.15,0.1
20150420,0.95,0.14,-0.27,0.47,-0.32
20150421,-0.1,0.13,-0.76,0.09,-0.24
20150422,0.46,-0.4,0.16,-0.06,-0.01
20150423,0.29,0.3,-0.22,-0.04,-0.21
20150424,0.17,-0.54,-0.28,0.78,-0.54
20150427,-0.54,-0.68,0.56,0.51,-0.03
20150428,0.27,0.26,1.02,0.08,0.45
20150429,-0.38,-0.72,0.74,-0.77,-0.01
20150430,-1.11,-1.02,0.77,0.2,0.49
20150501,1.01,-0.31,-0.63,0.29,-0.19
20150504,0.32,0.09,0.25,-0.18,0.03
20150505,-1.19,-0.14,0.51,-0.01,0.3
20150506,-0.31,0.6,-0.13,-0.23,0.11
20150507,0.39,-0.03,-0.4,-0.21,-0.02
20150508,1.21,-0.56,-0.12,-0.31,-0.24
20150511,-0.39,0.66,-0.03,-0.05,0.01
20150512,-0.27,0.01,0.07,-0.14,-0.01
20150513,0.01,0,0.02,-0.06,0.03
20150514,1.01,-0.17,-0.35,0.15,-0.43
20150515,0.05,-0.22,-0.21,0.23,0.26
20150518,0.44,0.73,-0.09,-0.18,-0.27
20150519,-0.09,-0.07,0.23,-0.08,-0.04
20150520,-0.05,0.19,-0.13,-0.14,0.06
20150521,0.23,-0.3,-0.02,0.07,-0.15
20150522,-0.22,-0.13,-0.14,-0.14,-0.07
20150526,-1.01,-0.03,-0.01,-0.11,0.16
20150527,0.93,0.29,-0.35,-0.05,-0.32
20150528,-0.12,0.1,0.13,-0.23,0.08
20150529,-0.58,0.05,0.05,-0.27,-0.05
20150601,0.17,-0.06,-0.22,0.24,-0.37
20150602,-0.02,0.32,0.33,-0.2,0.17
20150603,0.39,0.86,-0.24,-0.13,-0.05
20150604,-0.88,-0.08,-0.01,0.2,-0.02
20150605,0.06,0.83,0.05,-0.53,-0.38
20150608,-0.66,0.06,0.03,0.07,0.05
20150609,0.02,-0.29,0.35,0.14,0.11
20150610,1.2,0.16,0.19,-0.02,0.02
20150611,0.21,-0.09,-0.11,0.16,0
20150612,-0.63,0.34,0.13,0.06,0.1
20150615,-0.45,0.16,-0.13,-0.19,-0.26
20150616,0.57,0.1,0,0.14,-0.06
20150617,0.16,-0.31,-0.63,0.15,-0.1
20150618,0.99,0.16,-0.43,-0.12,-0.16
20150619,-0.43,0.52,-0.2,0.08,-0.06
20150622,0.63,0.09,-0.06,-0.16,-0.25
20150623,0.12,0.25,0.27,-0.09,0
20150624,-0.79,-0.14,0.13,0.19,-0.01
20150625,-0.25,0.33,-0.2,0.21,-0.08
20150626,-0.06,-0.19,0.45,0.32,0.35
20150629,-2.15,-0.41,0.18,0.32,0.1
20150630,0.33,0.3,-0.67,-0.31,-0.64
20150701,0.6,-0.76,-0.06,0.19,0.08
20150702,-0.11,-0.61,-0.04,-0.07,0
20150706,-0.37,0.08,-0.55,-0.2,-0.22
20150707,0.53,-0.48,-0.25,0.43,-0.02
20150708,-1.68,-0.04,0.08,0.12,0.11
20150709,0.28,0.19,-0.03,-0.29,-0.24
20150710,1.24,0.18,-0.55,-0.2,-0.07
20150713,1.14,-0.11,-0.41,0.1,-0.31
20150714,0.47,0.11,0.12,-0.33,-0.36
20150715,-0.19,-0.81,-0.08,-0.25,-0.3
20150716,0.78,-0.26,-0.62,-0.25,-0.66
20150717,0.05,-0.68,-0.64,-0.26,-0.93
20150720,-0.01,-0.8,-0.57,0.33,-0.3
20150721,-0.47,0.07,0.3,-0.23,-0.07
20150722,-0.18,0.26,0.19,-0.31,0.11
20150723,-0.6,-0.39,-0.35,-0.05,-0.04
20150724,-1.08,-0.66,-0.02,0,-0.02
20150727,-0.74,-0.25,0.08,0.09,0.38
20150728,1.23,-0.34,-0.12,0.05,0.15
20150729,0.74,-0.21,0.52,0.89,0.3
20150730,0.12,0.19,-0.25,0.09,-0.13
20150731,-0.15,0.72,-0.99,0.22,-0.06
20150803,-0.35,-0.33,-0.17,0.06,0.04
20150804,-0.14,0.04,-0.19,-0.03,0.19
20150805,0.36,-0.07,-0.45,-0.01,-0.08
20150806,-0.88,-0.37,1.99,0.23,0.74
20150807,-0.36,-0.4,-0.35,0.32,0.19
20150810,1.32,0.2,0.69,0.21,0.04
20150811,-0.98,-0.06,0.43,0.09,0.07
20150812,0.07,-0.19,-0.28,-0.12,-0.16
20150813,-0.14,-0.4,0.01,0.12,-0.09
20150814,0.43,0.13,0.44,-0.1,0.06
20150817,0.6,0.35,-0.87,-0.22,-0.43
20150818,-0.35,-0.61,0.35,0.35,0.09
20150819,-0.85,-0.2,-0.22,-0.13,-0.04
20150820,-2.24,-0.22,0.6,0.59,0.66
20150821,-2.95,1.8,0.14,-0.72,0.84
20150824,-3.9,0.27,-0.43,0.4,0.12
20150825,-1.17,0.57,-0.61,-0.26,-0.65
20150826,3.68,-1.43,-0.38,0.19,-0.68
20150827,2.4,-0.6,0.6,-0.29,-0.24
20150828,0.23,0.98,0.08,-0.17,0.08
20150831,-0.74,0.91,1.42,0.1,0.5
20150901,-2.91,0.26,-0.5,-0.03,0.08
20150902,1.81,-0.31,-0.93,0.2,-0.69
20150903,0.17,-0.18,0.72,0.34,0.76
20150904,-1.39,0.82,-0.57,-0.07,-0.46
20150908,2.52,-0.41,-0.56,-0.06,-0.29
20150909,-1.34,0.17,0.11,0.2,0.02
20150910,0.49,-0.2,-0.32,-0.23,-0.69
20150911,0.44,-0.28,-0.7,-0.05,-0.29
20150914,-0.41,0.03,0.01,-0.05,-0.07
20150915,1.22,-0.15,0.24,0,0.09
20150916,0.84,0.06,0.44,0.34,0.22
20150917,-0.17,0.75,-1.49,-0.28,-0.53
20150918,-1.62,0.27,-0.96,-0.43,-0.53
20150921,0.36,-0.83,1.21,0.47,0.21
20150922,-1.29,-0.29,0.14,0.28,0.08
20150923,-0.27,-0.21,-0.14,-0.17,-0.28
20150924,-0.36,0.25,0.56,-0.04,0.03
20150925,-0.22,-1.43,1.87,0.54,0.69
20150928,-2.63,-0.18,1.17,0.62,0.71
20150929,-0.07,-0.59,0.72,0.72,0.65
20150930,1.88,-0.49,-0.48,-0.4,-0.35
20151001,0.13,-0.52,-0.04,-0.16,-0.21
20151002,1.48,0.28,-0.84,-0.1,-0.02
20151005,1.93,0.74,0.77,0.14,0.64
20151006,-0.43,-0.08,1.72,0.36,0.58
20151007,0.94,0.68,-0.24,-0.23,0
20151008,0.84,0.35,0.77,0.54,0.75
20151009,0.12,0.1,-1.08,0.17,-0.17
20151012,0.06,-0.44,-0.07,0.12,-0.1
20151013,-0.74,-0.66,0.69,0.28,0.21
20151014,-0.6,-0.27,-0.03,-0.47,0.37
20151015,1.56,0.6,-0.15,-1.1,-0.5
20151016,0.36,-0.55,-0.34,0.01,0.01
20151019,0,0.09,-0.71,0.14,-0.34
20151020,-0.15,0.17,1.21,0.49,0.27
20151021,-0.74,-0.89,-0.18,0.45,0.22
20151022,1.5,-0.75,0.47,0.05,0.56
20151023,1.09,-0.08,-0.6,0.19,-0.84
20151026,-0.2,-0.46,-0.71,0.2,-0.17
20151027,-0.42,-1.06,-0.88,-0.44,-0.51
20151028,1.43,1.5,0.64,-0.67,-0.25
20151029,-0.2,-0.89,0.1,0.41,-0.19
20151030,-0.41,0.21,-0.54,0.35,0.08
20151102,1.25,0.91,-0.02,-0.49,-0.05
20151103,0.32,0.47,0.22,0.06,-0.09
20151104,-0.26,0.18,-0.33,-0.62,-0.7
20151105,-0.08,0.04,0.46,0.03,0.14
20151106,0.14,0.86,0.27,-0.55,-0.2
20151109,-0.95,-0.26,-0.05,-0.67,-0.01
20151110,0.13,0.01,0.27,-0.09,0.2
20151111,-0.43,-0.57,-0.18,-0.14,0.05
20151112,-1.45,-0.56,-0.45,0.17,-0.27
20151113,-1.06,0.31,0.38,-0.61,0.43
20151116,1.39,-0.53,0.46,0.19,-0.14
20151117,-0.11,-0.24,-0.66,0.03,-0.18
20151118,1.61,-0.02,-0.09,-0.09,-0.4
20151119,-0.13,-0.28,-0.11,0.15,0.14
20151120,0.35,0.4,-0.41,0.29,0.01
20151123,-0.01,0.61,-0.35,0.12,-0.17
20151124,0.21,0.75,0.26,0.25,0.1
20151125,0.09,0.84,-0.55,-0.08,-0.11
20151127,0.09,0.19,-0.29,-0.18,0.07
20151130,-0.47,0.2,0.69,-0.24,0.09
20151201,0.97,-0.64,0.24,-0.09,-0.14
20151202,-1.01,0.19,-0.7,0.01,-0.15
20151203,-1.5,-0.21,0.43,0.34,0.17
20151204,1.86,-1.06,-0.52,0.12,-0.34
20151207,-0.84,-0.87,-0.66,0.68,0.18
20151208,-0.59,0.27,-1.23,-0.15,-0.78
20151209,-0.83,-0.21,0.41,0.48,0.63
20151210,0.3,0.1,-0.22,0.12,-0.19
20151211,-2.03,-0.2,-0.06,0.17,0.35
20151214,0.29,-1.12,-0.18,0.14,-0.34
20151215,1.1,0.2,0.76,-0.82,0.13
20151216,1.47,0.01,-0.64,-0.1,-0.18
20151217,-1.46,0.31,-0.31,-0.24,-0.06
20151218,-1.7,0.7,-0.4,-0.29,0.19
20151221,0.74,-0.19,-0.06,-0.14,0.04
20151222,0.89,0.03,0.51,0.19,0.5
20151223,1.3,0.23,0.59,-0.01,0.14
20151224,-0.11,0.27,-0.03,-0.21,0.08
20151228,-0.29,-0.54,-0.38,0.07,-0.07
20151229,1.05,0.03,-0.31,0.03,-0.34
20151230,-0.74,-0.17,-0.13,0.04,0.15
20151231,-0.92,-0.21,0.24,-0.12,0.1
20160104,-1.59,-0.73,0.53,0.35,0.42
20160105,0.12,-0.25,0.01,0.02,0.35
20160106,-1.35,-0.22,0,0.16,0.04
20160107,-2.44,-0.28,0.08,0.5,0.43
20160108,-1.11,-0.52,-0.03,0.21,0.04
20160111,-0.06,-0.63,0.34,0.69,0.44
20160112,0.71,-0.45,-0.77,-0.05,-0.3
20160113,-2.67,-0.58,0.78,0.37,0.68
20160114,1.65,-0.07,-0.41,-0.65,-0.47
20160115,-2.14,0.41,-0.21,0.32,0.32
20160119,-0.2,-1.38,-0.07,0.3,0.26
20160120,-0.94,1.69,-1.24,0.19,-0.56
20160121,0.45,-0.46,0.01,0.47,0.61
20160122,2.08,0.13,-0.19,-0.46,-0.74
20160125,-1.71,-0.51,-0.98,0.31,-0.02
20160126,1.52,0.59,1.22,0.59,0.71
20160127,-1.11,-0.38,1.72,-0.23,1.06
20160128,0.49,-0.58,1.26,-0.24,-0.51
20160129,2.57,0.59,0.37,-0.01,0.45
20160201,-0.04,-0.32,-0.96,0.07,-0.4
20160202,-2,-0.13,-0.34,0.3,0.4
20160203,0.46,-0.21,0.44,0.44,0.39
20160204,0.27,0.37,0.32,0.19,0.11
20160205,-2.06,-0.73,1.75,1.08,1.44
20160208,-1.51,0.12,0.9,1.64,0.96
20160209,-0.1,-0.56,-0.29,-0.09,0.03
20160210,0.01,-0.22,-0.56,-0.3,-0.8
20160211,-1.17,0.28,-1.47,0.33,-0.39
20160212,1.98,-0.28,1.14,-0.39,0.31
20160216,1.78,0.55,-0.56,0.05,-0.27
20160217,1.75,-0.14,-0.63,-0.4,-0.49
20160218,-0.51,-0.01,0.21,0.35,0.53
20160219,0.06,0.29,-0.62,-0.64,-0.42
20160222,1.43,-0.17,0.24,0.25,-0.2
20160223,-1.22,0.38,-0.52,0.77,0.49
20160224,0.53,0.64,-0.32,0,0.12
20160225,1.1,-0.45,0.23,-0.12,-0.25
20160226,-0.01,0.85,0.26,-0.51,0.02
20160229,-0.69,0.71,0.26,0.13,0.44
20160301,2.34,-0.63,0.3,-0.48,-0.54
20160302,0.54,0.59,0.71,-0.7,-0.09
20160303,0.51,0.57,0.64,0.33,0.37
20160304,0.37,0.32,0.28,0.11,0.04
20160307,0.21,1.33,0.54,-0.38,0.44
20160308,-1.27,-1.27,-0.49,0.63,0.14
20160309,0.5,0.1,0.38,0.18,0.12
20160310,-0.11,-0.74,0.63,0.32,0.18
20160311,1.69,0.3,0.19,-0.41,-0.32
20160314,-0.12,-0.13,-0.87,0.02,-0.23
20160315,-0.36,-1.42,0.67,0.44,0.07
20160316,0.63,0.1,-0.04,0.58,-0.03
20160317,0.72,0.97,0.58,0.18,0.68
20160318,0.54,0.41,-0.19,-0.26,0.19
20160321,0.1,-0.27,-0.31,-0.08,-0.35
20160322,-0.05,-0.08,-0.45,-0.3,-0.26
20160323,-0.86,-1.2,-0.09,0.6,0.01
20160324,0,0.42,-0.06,0.07,-0.02
20160328,0.04,-0.04,0.14,-0.04,0.24
20160329,1.07,1.65,-1.18,0.2,-0.57
20160330,0.41,-0.27,0.14,-0.07,0.01
20160331,-0.11,0.42,-0.48,-0.13,-0.11
20160401,0.64,-0.35,-0.62,-0.35,-0.14
20160404,-0.41,-0.34,-0.74,-0.26,-0.22
20160405,-0.94,-0.18,-0.36,0.08,0.18
20160406,1.14,0.06,-0.82,-0.46,-0.63
20160407,-1.23,-0.09,-0.35,-0.01,0.21
20160408,0.29,0.12,0.68,0.35,0.28
20160411,-0.28,0.01,0.95,0,0.29
20160412,0.99,0.01,0.85,0.04,-0.15
20160413,1.23,0.96,0.35,-0.46,-0.34
20160414,0.03,-0.26,0.18,-0.37,-0.12
20160415,-0.04,0.3,-0.32,0.22,0.16
20160418,0.65,0.13,-0.19,-0.16,-0.04
20160419,0.29,-0.17,1.48,-0.25,0.38
20160420,0.15,-0.01,0.54,-0.31,-0.12
20160421,-0.47,-0.01,-0.59,-0.61,-0.34
20160422,0.12,1.03,0.49,-0.06,0.96
20160425,-0.24,-0.65,-0.17,0.07,-0.15
20160426,0.29,0.82,0.78,0.33,0.61
20160427,0.21,0.23,0.68,-0.18,0.79
20160428,-0.96,-0.21,0.05,-0.47,0.55
20160429,-0.5,-0.21,0.38,0.03,-0.24
20160502,0.78,-0.03,-0.36,0.01,-0.09
20160503,-1.05,-0.73,-0.49,0.54,0.02
20160504,-0.66,-0.16,0.06,0.46,0.28
20160505,-0.08,-0.53,0.09,0.11,0.01
20160506,0.38,0.07,0.24,0.18,0.25
20160509,0.05,0.19,-1.48,0.1,-0.51
20160510,1.26,-0.37,0.47,-0.07,0.05
20160511,-0.89,-0.34,0.78,-0.44,0
20160512,-0.11,-0.59,0.15,0.37,0.11
20160513,-0.82,0.28,-0.66,-0.56,-0.17
20160516,0.99,0.21,-0.24,-0.06,-0.31
20160517,-0.95,-0.68,0.61,-0.13,-0.09
20160518,0.1,0.14,0.83,-1.33,-0.65
20160519,-0.33,-0.31,-0.29,0.38,-0.01
20160520,0.75,0.84,-0.3,-0.39,-0.38
20160523,-0.18,0.24,-0.32,-0.21,0.09
20160524,1.43,0.61,-0.34,-0.1,-0.4
20160525,0.72,-0.13,0.57,0.22,-0.1
20160526,-0.04,-0.16,-0.51,0.17,-0.22
20160527,0.49,0.36,-0.22,-0.06,-0.09
20160531,-0.01,0.45,-0.36,-0.18,-0.33
20160601,0.2,0.64,-0.25,-0.26,0.08
20160602,0.35,0.24,-0.59,-0.25,-0.06
20160603,-0.38,-0.19,-0.11,0.54,0.14
20160606,0.6,0.72,0.32,-0.2,-0.11
20160607,0.12,0.23,0.11,0.34,0.22
20160608,0.37,0.42,-0.11,0.07,-0.1
20160609,-0.27,-0.43,-0.22,0.3,0.13
20160610,-1.05,-0.38,-0.18,0.15,0.59
20160613,-0.83,-0.37,0.1,-0.25,-0.04
20160614,-0.19,0.14,-0.71,0.27,0.03
20160615,-0.11,0.27,-0.05,-0.05,0.05
20160616,0.24,-0.31,-0.4,0.29,0.35
20160617,-0.3,0.08,0.94,0.42,0.62
20160620,0.71,0.59,-0.01,-0.15,0.12
20160621,0.21,-0.61,0.5,-0.2,-0.01
20160622,-0.2,-0.3,0.08,0.05,0
20160623,1.45,0.55,0.43,-0.55,-0.2
20160624,-3.7,0.02,-1.14,0.89,0.09
20160627,-2.07,-1.06,-0.67,0.52,0.42
20160628,1.76,-0.38,0.14,-0.62,-0.58
20160629,1.8,0.32,-0.07,-0.12,-0.24
20160630,1.42,0.38,0.45,-0.1,0.37
20160701,0.24,0.47,-0.4,-0.12,0.24
20160705,-0.85,-0.83,-1.36,0.57,-0.68
20160706,0.62,0.17,-0.13,-0.11,-0.16
20160707,0.02,0.35,-0.2,0.21,-0.31
20160708,1.6,0.94,0.34,0.07,0.27
20160711,0.43,0.69,0.26,0.33,-0.08
20160712,0.75,0.74,0.99,-0.58,0.64
20160713,-0.05,-0.46,0.51,0.55,0
20160714,0.51,-0.42,0.44,-0.04,0
20160715,-0.05,0.29,0,-0.29,0.01
20160718,0.25,0.02,-0.12,0.08,-0.24
20160719,-0.22,-0.62,0.05,0.42,-0.24
20160720,0.48,0.39,-0.87,-0.05,-0.36
20160721,-0.38,-0.08,-0.01,0.01,0.02
20160722,0.48,0.28,-0.08,0.4,-0.26
20160725,-0.27,-0.01,-0.24,0.51,-0.39
20160726,0.13,0.63,0.54,-0.39,0.74
20160727,-0.14,0.53,-0.44,-0.13,-0.56
20160728,0.18,-0.45,-0.34,-0.06,-0.15
20160729,0.17,-0.04,0.04,0.01,0.31
20160801,-0.16,0.07,-0.87,0.67,-0.73
20160802,-0.7,-0.63,0.17,-0.53,0.16
20160803,0.45,0.57,0.83,-0.72,0.15
20160804,0.05,0.06,-0.34,0.13,0.08
20160805,0.93,0.56,0.86,-0.53,-0.36
20160808,-0.06,0.1,0.57,-0.01,0.44
20160809,0.05,-0.05,-0.32,-0.15,-0.23
20160810,-0.29,-0.46,-0.13,0.68,0
20160811,0.54,0.14,0.04,-0.31,0.16
20160812,-0.06,0.12,-0.18,-0.19,-0.27
20160815,0.39,0.8,0.39,-0.25,0.36
20160816,-0.57,-0.21,0.61,-0.1,0.31
20160817,0.12,-0.49,0.25,0.09,0.05
20160818,0.32,0.46,0.37,-0.52,0.35
20160819,-0.11,0.09,-0.12,0.26,-0.14
20160822,-0.02,0.22,-0.41,0.02,-0.36
20160823,0.27,0.55,-0.01,0.05,0.07
20160824,-0.56,-0.44,0.4,0.36,-0.07
20160825,-0.08,0.22,0.48,-0.18,0.29
20160826,-0.15,0.12,-0.13,-0.39,-0.2
20160829,0.53,0.01,0.35,-0.09,0.21
20160830,-0.14,0.2,0.31,-0.08,-0.3
20160831,-0.24,-0.35,0.14,0.28,-0.34
20160901,0.03,0.06,-0.49,0.14,-0.13
20160902,0.53,0.42,0.36,-0.17,0.19
20160906,0.26,0,-0.53,-0.69,-0.03
20160907,0.09,0.6,0.03,-0.09,-0.25
20160908,-0.18,0.03,0.57,-0.89,0.42
20160909,-2.47,-0.55,0.31,0.03,-0.44
20160912,1.44,-0.04,-0.47,-0.05,-0.2
20160913,-1.48,-0.33,-0.47,0.6,-0.76
20160914,-0.08,0.05,-0.83,0.12,-0.51
20160915,1.07,0.3,-0.33,0.08,-0.21
20160916,-0.36,0.28,-0.46,0.16,-0.19
20160919,0.05,0.5,0.16,-0.03,0.34
20160920,-0.02,-0.32,-0.51,-0.46,-0.11
20160921,1.12,0.2,0.33,-0.39,0.52
20160922,0.7,0.8,-0.05,0.05,0.13
20160923,-0.6,-0.08,-0.19,0.42,-0.46
20160926,-0.88,-0.29,-0.35,-0.17,0.2
20160927,0.64,-0.12,-0.53,0.01,-0.41
20160928,0.56,0.21,1.1,-1.14,1.14
20160929,-0.98,-0.4,0.54,0.25,0.68
20160930,0.88,0.42,0.35,-0.23,0.1
20161003,-0.26,-0.04,-0.13,0,0.15
20161004,-0.46,0.05,0.09,0.12,-0.31
20161005,0.58,0.41,0.78,-0.46,0.44
20161006,-0.06,-0.23,0.37,0.42,0.24
20161007,-0.38,-0.53,0.16,-0.21,-0.38
20161010,0.52,0.55,0.01,-0.6,-0.22
20161011,-1.3,-0.56,0.49,0.33,0.09
20161012,0.06,-0.2,0.37,0.73,0.15
20161013,-0.42,-0.74,-0.63,0.28,-0.13
20161014,0.01,-0.33,0.57,0.1,0.09
20161017,-0.29,-0.03,0.14,0.11,0.14
20161018,0.6,-0.16,0.03,-0.32,-0.29
20161019,0.25,0.12,0.91,-0.1,0.47
20161020,-0.16,-0.04,-0.11,-0.48,-0.04
20161021,0.02,-0.18,-0.32,0.19,-0.18
20161024,0.54,0.07,-0.16,0.59,-0.49
20161025,-0.46,-0.59,0.23,0.05,-0.01
20161026,-0.23,-0.73,0.74,0.11,0.54
20161027,-0.33,-0.96,0.6,-0.15,-0.04
20161028,-0.29,-0.11,0.1,-0.04,0.33
20161031,0.02,0.09,0.14,0.6,-0.32
20161101,-0.68,-0.36,0.17,-0.53,-0.06
20161102,-0.73,-0.58,0.35,0.94,0.15
20161103,-0.4,-0.38,1.02,0.15,0.79
20161104,-0.12,0.85,-0.43,-0.08,-0.07
20161107,2.23,0.19,-0.16,-0.22,-0.18
20161108,0.4,-0.1,-0.19,-0.05,0.3
20161109,1.46,2.1,0.99,-0.7,0.73
20161110,0.32,1.47,1.8,-0.14,0.38
20161111,0.18,2.53,-0.04,0.14,-0.35
20161114,0.21,0.88,1.43,-0.09,0.35
20161115,0.8,-0.56,0.15,-0.64,0.18
20161116,-0.12,0.23,-0.56,0.81,-0.17
20161117,0.56,0.16,-0.13,0.26,-0.47
20161118,-0.16,0.57,0.39,-0.2,0.1
20161121,0.77,-0.27,0.08,-0.13,0.31
20161122,0.31,0.64,0.58,0.88,0.31
20161123,0.16,0.58,0.18,-0.27,0.18
20161125,0.4,-0.06,-0.24,0.24,-0.15
20161128,-0.64,-0.78,0.07,0.65,-0.34
20161129,0.11,-0.39,-0.07,0.48,-0.49
20161130,-0.25,-0.19,2.25,-1.59,1.97
20161201,-0.36,-0.39,2.06,0.32,0.62
20161202,0,0,-0.32,-0.07,0.08
20161205,0.75,1.13,0.28,-0.22,-0.18
20161206,0.48,0.64,0.23,-0.15,-0.1
20161207,1.26,-0.5,0.52,0.89,-0.01
20161208,0.36,1.23,0.59,-0.26,-0.11
20161209,0.46,-0.37,0.12,-0.09,-0.05
20161212,-0.3,-0.97,-0.1,-0.01,0.07
20161213,0.6,-0.57,-0.28,0.01,-0.17
20161214,-0.82,-0.36,-0.28,0.54,-0.51
20161215,0.46,0.45,0.28,0.03,0.05
20161216,-0.22,-0.04,-0.41,-0.28,0.01
20161219,0.22,0.32,0.09,0.28,0.04
20161220,0.44,0.51,0.68,0.14,0.07
20161221,-0.24,-0.36,0.23,0.13,0.06
20161222,-0.3,-0.78,0.25,-0.24,0.06
20161223,0.19,0.52,-0.51,-0.35,-0.14
20161227,0.27,0.23,0.13,0.16,0.03
20161228,-0.87,-0.3,0.09,0.15,-0.16
20161229,-0.04,0.08,-0.31,0.24,0.05
20161230,-0.52,-0.05,0.21,-0.14,0.06
20170103,0.83,-0.09,0.08,-0.24,0.27
20170104,0.79,0.98,-0.15,-0.41,-0.03
20170105,-0.21,-1,-0.8,-0.17,-0.08
20170106,0.29,-0.71,-0.31,-0.32,-0.29
20170109,-0.37,-0.32,-1.04,0.19,-0.52
20170110,0.16,1.03,0.56,0,0.06
20170111,0.31,-0.23,0.53,0.17,0.28
20170112,-0.3,-0.65,-0.89,0,-0.29
20170113,0.29,0.61,-0.08,-0.29,-0.15
20170117,-0.49,-0.99,-0.59,0.45,0.42
20170118,0.24,0.21,0.24,0.04,-0.09
20170119,-0.38,-0.55,-0.04,-0.07,-0.03
20170120,0.33,0.07,0.18,0.1,-0.01
20170123,-0.29,-0.06,-0.3,0.43,-0.37
20170124,0.83,0.78,0.8,-0.17,0.5
20170125,0.84,0.2,0.35,-0.18,-0.14
20170126,-0.1,-0.59,0.38,-0.08,-0.17
20170127,-0.12,-0.03,-0.66,0.1,0.07
20170130,-0.68,-0.73,-0.41,0.65,-0.15
20170131,0,0.83,-0.55,-0.39,-0.21
20170201,0.04,-0.05,0.02,0.23,-0.25
20170202,-0.02,-0.33,-0.31,-0.3,0.2
20170203,0.82,0.64,0.64,-0.49,0.35
20170206,-0.27,-0.61,-0.2,0.04,-0.21
20170207,-0.01,-0.38,-0.51,0.44,-0.23
20170208,0.06,-0.28,-0.53,0.35,-0.11
20170209,0.72,0.75,0.02,-0.21,0.03
20170210,0.38,0.39,0.12,-0.03,0.16
20170213,0.49,-0.26,0.32,0.07,0.05
20170214,0.45,-0.16,0.33,-0.43,-0.07
20170215,0.54,0.14,-0.44,0.19,-0.08
20170216,-0.16,-0.2,-0.03,0.35,-0.22
20170217,0.2,-0.07,-0.57,0.09,-0.38
20170221,0.6,0.04,0.13,0.33,0.35
20170222,-0.15,-0.38,0.11,0.54,-0.34
20170223,-0.11,-0.74,0.26,-0.32,-0.44
20170224,0.15,-0.09,-0.92,0.34,-0.21
20170227,0.22,0.85,-0.34,-0.35,-0.11
20170228,-0.42,-1.35,0.21,-0.02,-0.15
20170301,1.47,0.54,0.71,-0.39,0.55
20170302,-0.7,-0.57,-0.88,0.53,-0.47
20170303,0.09,-0.17,0.13,-0.02,-0.08
20170306,-0.38,-0.42,-0.1,-0.07,0
20170307,-0.36,-0.36,-0.05,0.1,-0.25
20170308,-0.19,-0.16,-0.82,0.5,-0.73
20170309,0.04,-0.52,-0.28,-0.58,-0.16
20170310,0.34,0.05,-0.39,0.25,0.02
20170313,0.13,0.33,-0.02,-0.11,0.05
20170314,-0.36,-0.22,0.03,0.52,-0.24
20170315,0.86,0.71,-0.42,-0.12,0.55
20170316,-0.06,0.44,0.24,-0.1,-0.38
20170317,-0.08,0.55,-0.26,0.16,-0.02
20170320,-0.25,-0.16,-0.75,-0.16,-0.03
20170321,-1.48,-1.42,-0.68,0.74,0.29
20170322,0.16,-0.33,-0.54,0.18,-0.13
20170323,-0.03,0.73,0.46,-0.02,0.19
20170324,-0.05,0.1,-0.24,-0.3,-0.32
20170327,-0.05,0.46,-0.52,-0.23,-0.28
20170328,0.72,-0.06,0.71,0,0.38
20170329,0.18,0.32,-0.06,-0.34,0.13
20170330,0.36,0.41,0.93,-0.11,-0.15
20170331,-0.16,0.55,-0.3,0.09,0.08
20170403,-0.28,-1.15,-0.11,-0.16,-0.07
20170404,0.05,-0.24,0.31,-0.1,0.17
20170405,-0.44,-0.83,-0.3,0.38,-0.09
20170406,0.32,0.75,0.5,-0.13,0.37
20170407,-0.08,0.09,-0.26,0.03,-0.04
20170410,0.08,0.14,0.1,0.13,0.48
20170411,-0.05,0.8,0.25,0.2,0.19
20170412,-0.49,-0.95,-0.52,-0.1,-0.54
20170413,-0.75,-0.33,-0.79,0.01,-0.35
20170417,0.89,0.28,0.22,0.07,-0.15
20170418,-0.25,0.3,-0.16,0.34,0.1
20170419,-0.08,0.56,-0.38,0.41,-0.85
20170420,0.83,0.6,0.26,0.28,-0.19
20170421,-0.28,0.05,-0.14,0.33,-0.2
20170424,1.18,0.27,0.51,0.02,0.15
20170425,0.66,0.38,-0.05,-0.41,0.3
20170426,0.04,0.75,0.31,0.22,0.01
20170427,0.05,-0.21,-0.96,0.2,-0.59
20170428,-0.3,-0.75,-0.59,0.02,-0.21
20170501,0.21,0.25,-0.13,-0.19,-0.51
20170502,0.03,-0.46,-0.21,0.43,-0.33
20170503,-0.19,-0.52,0.2,-0.07,0.13
20170504,0.02,-0.11,-0.36,0.46,-0.7
20170505,0.46,0.07,0.04,-0.28,0.66
20170508,-0.04,-0.25,0.28,0.03,0.05
20170509,-0.05,0.4,-0.79,0.34,-0.37
20170510,0.21,0.24,0.02,-0.31,0.36
20170511,-0.26,-0.41,-0.15,-0.35,-0.01
20170512,-0.18,-0.38,-0.62,-0.28,-0.33
20170515,0.53,0.25,0.2,-0.29,0.05
20170516,-0.03,0.1,-0.1,-0.21,-0.14
20170517,-1.97,-0.98,-0.53,0.52,0.3
20170518,0.4,0,-0.4,-0.32,-0.61
20170519,0.7,-0.33,0.41,-0.06,0.79
20170522,0.56,0.24,-0.3,0.03,-0.32
20170523,0.18,0.01,0.61,-0.23,0.07
20170524,0.24,-0.22,-0.5,0.15,-0.31
20170525,0.42,-0.35,-0.77,0.64,-0.64
20170526,0.06,-0.02,0.09,0.19,0.15
20170530,-0.19,-0.53,-0.32,0.67,-0.03
20170531,-0.02,-0.04,-0.56,0.31,-0.09
20170601,0.95,1,0.03,-0.22,0.04
20170602,0.35,0.4,-0.8,0.26,-0.48
20170605,-0.17,-0.45,0,-0.18,0.01
20170606,-0.28,0.09,-0.07,-0.56,0.36
20170607,0.15,-0.13,0.01,0.55,-0.69
20170608,0.18,1.21,0.92,-0.66,-0.04
20170609,-0.12,0.28,2.38,-0.18,1.13
20170612,-0.11,-0.18,0.35,0.04,0.61
20170613,0.55,0.06,-0.14,-0.3,-0.08
20170614,-0.17,-0.54,-0.55,0.17,-0.52
20170615,-0.3,-0.3,-0.12,0.04,-0.07
20170616,-0.03,-0.26,-0.18,-0.51,0.14
20170619,0.86,0.12,-0.75,-0.01,-0.09
20170620,-0.73,-0.44,-0.51,-0.21,-0.25
20170621,-0.07,-0.22,-1.69,-0.16,-1.15
20170622,0.02,0.47,-0.42,-0.09,-0.04
20170623,0.24,0.74,-0.51,-0.38,0.04
20170626,0.04,0.07,0.69,0.25,0.18
20170627,-0.84,-0.21,1.33,0.36,0.33
20170628,1.02,0.8,0.21,-0.13,-0.08
20170629,-0.83,0.08,1.38,-0.23,0.35
20170630,0.14,-0.1,-0.24,0.21,0.3
20170703,0.24,0.46,1.21,-0.53,0.66
20170705,0.12,-0.71,-0.57,0.15,-0.69
20170706,-0.95,-0.45,0.11,0.21,-0.03
20170707,0.7,0.4,-0.41,0.22,-0.52
20170710,0.05,-0.44,-0.09,-0.12,-0.11
20170711,0,0.31,-0.53,-0.32,0.15
20170712,0.72,0.05,-0.53,0.09,-0.23
20170713,0.17,0,0.37,0.03,0.2
20170714,0.42,-0.22,-0.51,0.2,0.03
20170717,0,0.22,0.13,0.18,0.07
20170718,0.04,-0.37,-0.33,-0.11,-0.41
20170719,0.59,0.48,0.03,-0.19,0.13
20170720,-0.01,0.04,-0.01,0.07,-0.23
20170721,-0.08,-0.43,-0.28,0.03,-0.28
20170724,-0.03,0.12,-0.2,-0.19,-0.38
20170725,0.38,0.45,0.92,-0.17,0.7
20170726,-0.06,-0.46,-0.7,-0.18,0.04
20170727,-0.14,-0.64,0.45,0.22,0.42
20170728,-0.17,-0.08,0.24,-0.2,0.19
20170731,-0.11,-0.25,0.44,-0.1,0.15
20170801,0.24,-0.18,0.18,0.21,-0.48
20170802,-0.08,-1.16,0.15,0.01,-0.35
20170803,-0.21,-0.34,-0.29,0.29,-0.28
20170804,0.25,0.34,0.36,-0.13,0.03
20170807,0.16,-0.11,-0.6,0.3,-0.37
20170808,-0.24,-0.11,0.21,-0.35,-0.15
20170809,-0.14,-0.8,-0.1,0.11,0.04
20170810,-1.49,-0.31,0.25,0.24,0.13
20170811,0.2,0.17,-0.88,0.38,-0.12
20170814,1.03,0.28,0.06,-0.01,-0.45
20170815,-0.11,-0.87,-0.04,-0.13,-0.25
20170816,0.18,-0.14,-0.45,0.34,-0.13
20170817,-1.59,-0.17,-0.15,-0.05,0.13
20170818,-0.15,0.14,0.21,-0.27,-0.01
20170821,0.06,-0.28,-0.22,0.17,-0.09
20170822,1.07,-0.02,-0.25,-0.21,0.11
20170823,-0.32,0.14,0.4,-0.44,0.09
20170824,-0.14,0.58,0.18,-0.49,0.09
20170825,0.18,0.18,0.58,0.15,0.26
20170828,0.08,0.32,-0.74,0.22,-0.19
20170829,0.1,0.1,-0.39,0.07,0.1
20170830,0.53,0.01,-0.32,0.12,-0.46
20170831,0.62,0.39,-0.42,-0.32,-0.1
20170901,0.27,0.44,0.44,-0.04,0.35
20170905,-0.81,-0.02,-0.95,-0.06,0.54
20170906,0.28,-0.02,0.13,-0.32,0.09
20170907,-0.07,0.02,-0.93,0.02,0.08
20170908,-0.16,0.12,0.36,0.2,-0.14
20170911,1.08,-0.08,0.63,-0.34,-0.11
20170912,0.43,0.34,0.71,0.08,0.18
20170913,0.11,0.31,0.36,-0.33,0.09
20170914,-0.12,-0.06,-0.07,-0.33,0.23
20170915,0.19,0.25,0.12,0.31,0
20170918,0.24,0.41,0.2,-0.46,0.21
20170919,0.15,-0.21,0.35,0.01,0.07
20170920,0.16,0.29,0.52,-0.19,0.31
20170921,-0.28,0.16,0.37,-0.02,-0.08
20170922,0.12,0.43,0.13,0.34,0.28
20170925,-0.25,0.35,0.63,-0.23,0.65
20170926,0.05,0.44,0.13,0.59,-0.12
20170927,0.63,1.42,0.17,-0.26,-0.53
20170928,0.13,0.15,-0.07,-0.1,-0.19
20170929,0.35,-0.11,-0.27,-0.07,-0.35
20171002,0.5,0.88,0.16,-0.16,0.26
20171003,0.26,-0.03,-0.02,-0.04,-0.1
20171004,0.05,-0.35,-0.45,-0.11,0
20171005,0.55,-0.31,0.35,-0.28,-0.17
20171006,-0.08,-0.1,-0.25,0.17,-0.36
20171009,-0.22,-0.31,-0.05,0.09,-0.18
20171010,0.24,0.01,0.42,0.11,0.08
20171011,0.16,-0.26,-0.22,-0.11,-0.07
20171012,-0.18,-0.1,-0.51,0.19,0.11
20171013,0.04,-0.26,0.11,0.22,0
20171016,0.17,-0.27,0.37,-0.02,-0.08
20171017,0.01,-0.34,-0.28,0.33,-0.18
20171018,0.14,0.36,0.22,0.35,-0.14
20171019,0.02,-0.33,0.17,0.1,0.04
20171020,0.57,0.01,0.28,0.11,0.04
20171023,-0.45,-0.38,0.12,0.27,-0.25
20171024,0.2,-0.1,0.47,0.03,-0.14
20171025,-0.51,0.01,0.11,0.24,-0.42
20171026,0.2,0.06,0.22,0.18,-0.16
20171027,0.82,-0.07,-1.01,0.09,-1.32
20171030,-0.46,-0.77,-0.06,-0.62,-0.43
20171031,0.23,0.76,-0.22,-0.17,0.22
20171101,0.05,-0.79,0.15,-0.04,-0.07
20171102,0.06,-0.01,0.49,-0.26,0.34
20171103,0.31,-0.53,-0.69,-0.17,-0.17
20171106,0.06,0.16,0.19,-0.6,0.03
20171107,-0.2,-1.42,-0.37,0.43,-0.03
20171108,0.12,-0.03,-0.62,0.6,-0.01
20171109,-0.41,0,0.22,-0.02,0.1
20171110,0.01,0.05,-0.38,0.22,0.15
20171113,0.09,-0.29,0.02,0.08,-0.74
20171114,-0.22,-0.07,0,0.94,-0.4
20171115,-0.52,0.05,0.24,-0.08,0.15
20171116,1.01,0.78,-0.52,0.51,0.32
20171117,-0.14,0.73,0.29,-0.13,0.35
20171120,0.21,0.62,0,0.26,-0.01
20171121,0.67,0.35,-0.35,0.04,-0.62
20171122,-0.05,0.09,-0.03,-0.25,0.16
20171124,0.21,0.01,-0.45,0.05,-0.1
20171127,-0.06,-0.31,0.03,0.58,-0.1
20171128,1.06,0.57,0.86,0.32,0.04
20171129,0.02,0.3,1.44,0.79,0.6
20171130,0.82,-0.6,-0.51,-0.19,0.02
20171201,-0.22,-0.33,0.37,-0.43,0.33
20171204,-0.1,-0.14,1.23,1,0.57
20171205,-0.43,-0.46,-0.24,0.16,-0.11
20171206,-0.09,-0.53,-0.52,0.46,-0.51
20171207,0.42,0.28,-0.17,-0.29,0.07
20171208,0.51,-0.42,-0.13,-0.08,0.07
20171211,0.26,-0.41,-0.14,-0.09,0.08
20171212,0.07,-0.45,0.52,0.02,0.1
20171213,0.02,0.62,-0.88,0.26,-0.07
20171214,-0.47,-0.75,-0.21,-0.15,-0.12
20171215,0.92,0.68,0.03,0.43,-0.51
20171218,0.67,0.82,0.26,0.24,0.16
20171219,-0.3,-0.34,-0.26,0.25,0.38
20171220,0.01,0.39,0.05,-0.18,0.27
20171221,0.24,0.32,0.63,-0.72,0.32
20171222,-0.07,-0.2,-0.2,-0.12,0.2
20171226,-0.07,0.32,-0.06,-0.17,0.57
20171227,0.05,-0.16,-0.19,0.08,-0.12
20171228,0.22,0.09,0.04,-0.15,-0.2
20171229,-0.57,-0.3,0.02,0.17,0.15
20180102,0.85,0.32,-0.22,-0.45,0.22
20180103,0.59,-0.48,-0.21,-0.77,-0.07
20180104,0.42,-0.22,0.24,-0.04,0.3
20180105,0.66,-0.36,-0.26,0.4,-0.37
20180108,0.19,-0.2,0.07,-0.11,0.04
20180109,0.15,-0.38,-0.03,-0.17,-0.06
20180110,-0.07,0.14,0.58,-0.33,0
20180111,0.87,1.15,0.29,-0.11,0.48
20180112,0.66,-0.32,0.17,-0.14,0.15
20180116,-0.49,-1,-0.02,0.39,-0.33
20180117,0.95,-0.06,-0.15,-0.05,-0.03
20180118,-0.18,-0.45,-0.25,0.22,-0.3
20180119,0.57,0.93,-0.07,0.16,0.13
20180122,0.77,-0.35,-0.14,-0.57,0.19
20180123,0.22,0.07,-0.33,-0.3,-0.25
20180124,-0.13,-0.71,0.39,0.05,0.14
20180125,0.07,0.13,-0.49,0.09,-0.18
20180126,1.11,-0.64,-0.5,0.38,-0.18
20180129,-0.62,-0.01,-0.26,0.16,-0.3
20180130,-1.06,0.1,-0.17,0.35,-0.33
20180131,-0.07,-0.66,0.06,0.18,-0.09
20180201,0.03,0.16,0.51,-0.56,0.03
20180202,-2.13,-0.01,-0.27,0.57,-0.44
20180205,-4.03,0.66,-0.56,0.22,-0.16
20180206,1.67,-0.47,-0.23,0.12,-0.18
20180207,-0.37,0.59,0.27,0.31,0.32
20180208,-3.68,0.81,0.47,0.4,0.09
20180209,1.36,-0.58,0.11,0.15,-0.47
20180212,1.36,-0.44,-0.29,-0.23,-0.19
20180213,0.31,0.1,-0.23,0.21,-0.03
20180214,1.52,0.3,0.46,-0.67,-0.07
20180215,1.21,-0.17,-0.65,0.15,-0.3
20180216,0.03,0.37,0.13,0.04,0.09
20180220,-0.62,-0.29,-0.26,-0.22,-0.52
20180221,-0.43,0.8,0.2,0.1,-0.28
20180222,0.01,-0.05,-0.39,0.08,0.45
20180223,1.54,-0.36,-0.14,-0.13,-0.1
20180226,1.12,-0.46,-0.07,-0.14,-0.23
20180227,-1.25,-0.19,0.01,-0.05,-0.06
20180228,-1.1,-0.42,-0.31,0.22,-0.27
20180301,-1.18,0.96,-0.04,-0.21,0.05
20180302,0.7,1.1,-0.5,-0.36,-0.38
20180305,1.06,-0.42,0.25,-0.62,0.09
20180306,0.36,0.69,0.1,0.29,-0.02
20180307,0.05,0.78,-0.45,-0.1,-0.43
20180308,0.37,-0.59,-0.33,-0.03,-0.19
20180309,1.7,-0.2,0.28,-0.28,-0.04
20180312,-0.09,0.43,-0.06,-0.35,-0.23
20180313,-0.67,0.09,-0.01,0.45,0.05
20180314,-0.53,0.16,-0.54,-0.13,-0.42
20180315,-0.18,-0.4,0.31,0.09,-0.14
20180316,0.25,0.47,0.2,0.04,0.32
20180319,-1.38,0.4,0.41,0.34,0.12
20180320,0.15,-0.12,-0.38,-0.05,-0.11
20180321,-0.06,0.7,0.45,-1.07,0.8
20180322,-2.54,0.38,-0.46,0.21,0.04
20180323,-2.09,0.1,-0.2,0.09,0.73
20180326,2.67,-0.64,0.02,0.05,-0.6
20180327,-1.87,-0.24,0.39,0.72,0.55
20180328,-0.35,0.18,0.65,0.72,0.07
20180329,1.41,-0.28,-0.21,-0.33,-0.18
20180402,-2.29,-0.07,0.39,0.11,-0.09
20180403,1.24,-0.04,0.17,0.26,0.12
20180404,1.17,0.33,-0.31,0.07,-0.14
20180405,0.75,0.06,0.48,0.12,0.25
20180406,-2.19,0.37,-0.06,0.12,0.04
20180409,0.3,-0.25,-0.5,-0.75,-0.31
20180410,1.77,0.34,-0.12,-0.84,0.37
20180411,-0.49,0.8,-0.31,-0.6,0.27